双面胶,双汇泡面
润唇膏,牙膏
苦瓜,旱黄瓜
白粥,白白净净
萝卜,萝汉
烧肉饭,烧鸭碟头
文具,欧文
口水鸡,流口水的
文具,牙具杯
小熊伴嫁,小食
水蜜桃,茉莉蜜茶
果切,千禧果
黄金鸡翅,黄金
火龙果,木瓜果切
铁板炒面,铁板
果切,切开
果切,现切黄肉
炒青菜,炒肉丝
小肉串,小玉米串
鸭肉串,猪肉串
戚风蛋糕,冰糕
鲜奶,争鲜
三文鱼,三文字
三鲜面,鲜肉
三鲜面,鲜蛏
姜葱鸡,姜葱
熏鸡腿,熏鱼
果汁,水果杯
果汁,排毒汁
可乐鸡面,百事可乐
鸡肉汤饭,鸡肉丁
锅锅菜,中锅
芝麻烧饼,芝麻酱
烤大虾,碳烤
康乃馨,多头康
康乃馨,温馨
牙刷,牙周炎
螺蛳粉,凉粉
康乃馨,问候粉康
烤大虾,烤猪蹄
烤大虾,烤青椒
烤腰子,炭烤
老鼠_,笋_
炸鲜蘑,炸鲜奶
仙豆,八仙过海
巴沙鱼,鱼羊鲜
台湾花甲,台湾
麻花,玉米花
麻花,白芝麻
鸡冠,卤鸡蛋
烤腰子,馕坑烤
麻花,棉花糖
烤腰子,烤大蒜
烤腰子,烤青椒
三合一面,二合一
油炸香蕉,油炸鸡
烤腰子,电烤
烤腰子,烤粉
鸭粉,牛腩粉
海鲜,鲜辣
烤腰子,烤四季豆
烤腰子,烤面包
海鲜,四鲜
小笼包,包儿
花瓣,插花瓶
小笼包,包四个
消魂烤翅,消魂
炒拉条,鸡蛋炒
固体奶茶,固体
鸡骨架,洛杉鸡
地菜,芹菜肉
鸡肉丸,肉酱
炒茄丝,炒肉丝
烤韭菜,烤圆白菜
百香果,百香气
小人酥糖,小洋人
奶牛炸鸡,牛奶
鲜花礼品,花火
牛肉炒饭,牛肉粳汤
炒洋葱,蛋炒饭
骨汤,汤榨面
炒洋葱,辣炒
猪颈肉,螺肉
鸡脆骨,脆皮豆腐
炒米粉,肉炒饭
炒米粉,各式炒
猪颈肉,肉披萨
生日花,心花怒放
炒米粉,湿炒芥兰
猪油,油咸鸭蛋
奇异果汁,果农
中华铅笔,中性笔
炸黄花鱼,溜腰花
炸鸡,null
炸黄花鱼,黄蘑
炸黄花鱼,五花肉扒
水煮鱼,渝水情
炸黄花鱼,有机菜花
酸奶,奶油螺角
炸黄花鱼,花蛤
牛肉生煎,牛肉刀
水煮鱼,跳水
烤蒜,烤羊肉串
至尊黑椒,至尊
水煮玉米,水煮蛋
水煮玉米,高粱米水
水煮鱼,蘸水
四川凉面,四川
粉丝,炸粉肠
半只鸡,半只
水煮鱼,划水
水煮鱼,沾水
水煮鱼,蒸水蛋
厚蛋烧,加厚蛋
炸鸡柳,轰炸
水煮鱼,河水
鸡汤面,土鸡汤
炸鸡柳,爆炸
鱼饼,墨鱼丸
鱼饼,墨鱼汁
卫生裤,卫生间
生菜煎饼,生菜
鸡汤面,鸡腿汤
烤饼,烤鱿鱼须
大枣馒头,大肠头
烤饼,烤鸡尖
冰激凌,下冰雹
酸菜肉片,酸菜
锅巴,大铁锅
锅巴,自热火锅
炸鸡柳,蛋鸡
干挑面,干挑
冰激凌,帕冰素
干挑面,蛋干挑
冰激凌,冰山楂
海蛎子,海菜包子
蛋黄肉,鲜肉
满杯双莓,满杯
健康大饼,健康
小狗蛋糕,小狗狗
蚕蛹串,N串
脱毛刀,毛巾
水果切,水果杯
蒸肉,蒸咸鱼
无糖汽水,无糖
蒸肉,炒腊肉
黑笔,卷笔刀
猪肚鸡,鸡油饭
黄油鸡,黄油
蒸肉,肉套餐
蒸肉,牛肉米粉
瑞士鸡翅,瑞士
素浇,浇头
男袜,男士
卫生巾,卫生间
炸实蛋,轰炸
牛堡,堡识渊脖
牛堡,牛魔王
整只,半只
彩铅笔,铅画纸
垮炖鱼,炖粉条
本鸡煲,三丝本芹
袜子,曼特公子
袜子,健之子
炒面片,木耳炒肉
泰国香米,泰国
肉包,沙包
肉包,咸肉粽
烤牛蛙,烤鱿鱼须
打印纸,印泥
西瓜子,冬瓜糖
烤牛蛙,烤猪腰子
水果杯,鲜果切
烤牛蛙,烤鸡爪
水果杯,蔬果
烤粉,烤土豆片
烤牛蛙,牛百叶
烤粉,烤玉米
烤粉,碳烤
肉包,煎荷包蛋
猪头肉,肉_茄子
柠檬肥牛,柠檬
烤猪蹄,烤玉米
猪头肉,肉炒饭
猪头肉,炒牛肉
猪头肉,老肉豆腐
烤猪蹄,烤鸭架
牛板筋,鱿鱼板
杜蕾斯,蕾丝
烤猪蹄,烤土豆片
烤猪蹄,烤油馍
炸鸡皮,轰炸
鸡柳,鸡蛋豆腐
猪手,手撕兔
烤猪蹄,烤土豆
面皮,皮特辣
烤猪蹄,盐烤大虾
封箱胶带,信封
烤猪蹄,香烤玉米
烤猪蹄,烤南瓜饼
烤鸭腿,咸鸭蛋
干蒸,蒸凤爪
干蒸,蒸猪肠粉
熏肉大饼,纯肉大
多味瓜子,黄瓜味
营养蛋堡,营养
鸭仔饭,不含饭
肉沫米线,肉沫
桂花米,桂花
酸菜面,面块
荠菜肉包,韭菜猪肉
油糕,鸭油
一里咸饭,一里
干切牛肉,干切
炒菜,炒腊肉
麻辣条,麻花
牛筋面,筋筋
鲜切水果,切菲律宾
五香牛肉,五香
水果黄瓜,陵水
水果黄瓜,卤水豆腐
宠物奶瓶,宠物狗
五香卷,五香
猪什汤饭,炒蛋饭
烤鸡头,烤面包片
菜刀,洗菜盆
烤鸡头,烤面包
水电,桶装水
抹茶奶盖,奶绿
菜刀,指甲刀
热水瓶,隔热
热水瓶,沥水篮
热水瓶,吸水
热水瓶,水果刀
热水瓶,水晶鞋刷
拌粉干,汤粉
拌粉干,粉丝汤
热水瓶,沥水
热水瓶,胶水
糯米粥,糯米
孜然羊肉,驴肉
孜然羊肉,肉丝跑蛋
海鸭蛋,海鱼
牛栏山,蒙牛
牛栏山,听红牛
牛栏山,旺仔牛奶
香菇肉片,香干肉丝
土豆丝饭,木桶饭
土豆丝饭,不配饭
鸭肉粥,削骨肉
丑八怪,四川丑桔
丑八怪,精品丑桔
丑八怪,丑梨
手机线,渔网线
鸭肉粥,酥肉
折耳,黑木耳
霸气西瓜,霸气
牛排饭,加饭里
猪耳朵,耳朵约
牛排饭,排长
香椿炒蛋,炒香干
果篮,坏果包赔
盐煎肉,肉末
白切鸡,蒸鸡蛋
里脊饼,饼里
肉串,串一串
芹菜炒肉,炒青菜
肉串,两串
网红狗,网红
披萨猫,鸡肉披萨
白切鸡,土鸡蛋
水煮鸭胗,水煮
蜜枣,蜜桔
杂酱面,鸭杂
肉串,串起
杂酱面,不能加面
肉饼,瘦肉粥
鸡尖,尖椒
肉串,手串
红烧大肠,红烧鲫鱼
东北冷面,东北
双人 粥,双人
肉饼,肉松粥
肉饼,牛肉粥
肉饼,小鲜肉
巴西松子,西瓜子
鸡肉小串,牛肉小串
电水壶,水杯
电水壶,充电线
电水壶,水果刀
烧鸭粥,牛肉粥
香辣鸡,香辣
烧鸭粥,烧卖
肉饼,骨肉相连
豆汤饭,汤米线
奥尔良,尔良
豆汤饭,萝卜汤
可乐糖,无糖
牛筋面,面筋球
砂锅米线,十元锅
牛肉酱,黄豆酱
砂锅米线,锅里
螺丝,藕丝
烤田鸡,碳烤鸡爪
海南粉,琼海
晾衣,缝衣针
藕汤,瓦罐鸡汤
海鲜粥,鲜肉包
肉丝面,老鸭面
北京烤鸭,北京
海鲜粥,素三鲜
肉丝面,牛肉包
辣鸭头,黑鸭翅
炒鸡蛋,五花肉炒
肉丝面,酱肉
炒鸡蛋,炒蚬子肉
孜然鸡柳,孜然
肉丝面,汤面里哦
肉丝面,荠菜鲜肉
水煮,跳水
水煮,盐水
水煮,口水
冬粉鸭,卤粉
炒鸡蛋,青炒
果盘,种水果
牛肉拉面,牛肉汤
炒鸡蛋,绿豆芽炒
炒鸡蛋,香干炒
小笼馒头,小笼
果盘,花果山
红烧凉粉,红烧牛肉
炒鸡蛋,炒白菜苔
炒鸡蛋,素炒青菜
玫瑰花,花嫁
油面筋,小油菜
炒鸡蛋,清炒藕
炒鸡蛋,腌菜炒
秦镇米皮,三秦
耳塞,洁耳器
秀才米线,秀才
卤鸭翅,老卤
耳塞,掏耳朵
纯净水,纯净
牛肉拉面,牛头肉
糖醋肉,水煮肉片
力士,男士
豆腐米线,臭豆腐
麻辣钉螺,麻辣味
包脚布,肉包角布
毛巾卷,奶冻卷
毛巾卷,草莓卷
葡萄汁,米汁
毛巾卷,巧克力卷
人餐,套餐
羊脂饼,羊肠汤
干饺,捞干
炒肥肠,酸菜炒笋
红烧茄子,烧肉
小牛肉,五花肉
红烧茄子,烧牛腩
烤羊腰,烤鸡蛋
烤羊腰,烤青椒
朗姆口味,口味
烤羊腰,烤面包
锡纸钉螺,锡纸
炒丁螺,姜葱炒
炒丁螺,炒腊肉
炒丁螺,炒白果
鸡蛋酱,拌鸡架
鸡蛋酱,酱肘花
鸡蛋酱,鸡架
洗衣粉,薰衣草
儿童牙膏,儿童
洗衣粉,衣物
洗衣粉,内衣
洗衣粉,洗澡巾
九肚鱼,鱼茸粥
洗衣粉,彩衣
海鲜饼,海草
红酒杯,纸杯
炒菜心,炒鱿鱼
炒菜心,炒猪肝
炒菜心,炒山药
炒菜心,炒鸡蛋
牛肉锅贴,羊肉汤
牛肉锅贴,虾肉
黄焖茄子,黄焖鸡饭
白米粥,白水蛋
热熔胶,胶棉
奶花,青蛙撞奶
乌鸡汤,猪爪汤
乌鸡汤,青菜汤
乌鸡汤,汤馄饨
乌鸡汤,鸡丝粥
烤粉肠,碳火烤
猪肘饭,鸡米饭
厕所刷,洁厕液
厕所刷,刷牙杯
厕所刷,杯刷
苹果派,核桃派
五得利,利达
燃油罐,香油碟
西兰花,兰花
鸡肉卷,牛肉意面
百合花,百年好合
猪梅肉,羊排肉
地瓜丸,南瓜
花甲米线,花生米
热水袋,水果刀
热水袋,吸水
酸辣豆芽,酸辣汤
发夹,发霉
凉粉,粉子蛋
甜辣鸭翅,甜辣
勾魂鱿鱼,勾魂
红烧肉,网红牛肉
丝袜奶茶,丝袜
女性快感,女性
拌冷面,烤面包片
皇帝大,皇帝
炒虾,炒饭
烤鸽子,烤茄子
鲫鱼汤,龙骨汤
烤鸽子,烤饼子
切菜刀,切菜板
鸡片,炒鸡蛋
锡纸鱼头,锡纸
大排饭,饭爵劲脆
大排饭,餐饭
烤大蒜子,烤大鱿鱼
羊肉,白切羊糕
什么都没,什么都有
现切水果,现切黄肉
土豆烧,烧椒
牛肉干,唐僧肉
红布林,红提
擀面皮,煮方便面
擀面皮,重庆小面
擀面皮,虎皮蛋
羊肉,猪头肉
沙溪粥,沙溪
烧腊,_发烧
擀面皮,杏皮水
擀面皮,玉米面
羊肉,牛肉火锅
土豆丝,土烧豆腐
牛奶,奶香味
羊肉,五香牛肉
牛奶,奶油
卫生纸,生活纸杯
羊肉,牛肉馄饨
脆皮鸡饭,脆皮玉米
青菜面,猪心面
牛奶,奶杯
面窝,原汤面
青菜面,炒泡面
气球,篮球
寒天爱玉,寒天
水煮鱼片,口水鸡饭
糯玉米,糯米鸡
凉拌皮蛋,凉拌鸡
海鲜炒饭,一品海鲜
鸡架,叫了只鸡
土豆饼,手抓饼
土豆饼,猪肉饼
炸菜卷,炸鱼排
炸菜卷,炸馒头片
青椒肉丝,土豆肉片
青椒肉丝,杂胡椒
青椒肉丝,碎肉
小笼,小龙包
小笼,小米粑
玉米馍馍,玉米粥
小笼,笼笼
雪球,雪妃冰
喜香辣,喜辣
卤牛肉,卤五花肉
卤鸡腿饭,卤豆干
韩式冷面,韩式炸鸡
七度空间,空间
麻辣条,麻辣花生
鳕鱼条,鸡条
三只松鼠,我只松鼠
卤鹅,卤花生
牛柳,牛心菜
炒蚕豆,炒茄子
黑金奥,黑金芒芒
龙虾饭,肉燥饭
鸭肝,猪肝
甘草水果,水果玉米
瘦肉面,瘦肉
腊鱼,腊八豆
烤年糕,烤年
脊骨汤,嫩豆腐汤
腰果,果丹皮
鸡饭,白鸡
鲁肉饭,肉松饭团
烤猪皮,生烤
孜然炒面,孜然
烤猪皮,烤鱿鱼
奶奶饭盒,奶奶的
烤猪皮,烤大蒜
烤猪皮,烤青椒
烤猪皮,烤干子
烤猪皮,豆皮卷
客家豆腐,客家
冷锅鱼,鱼泡
辣子鸡,柿子鸡蛋
中街大果,中街
多春鱼,蒲烧鳗鱼
雪菜肉丝,菜肉
隐形眼镜,隐形袜
儿童汉堡,儿童
柠七,蓝色妖七
烤虾球,烤面筋
面包诱惑,诱惑
烧鸡,烧鱼
烧鸡,烧腐竹
烧鸡,干烧
脆骨肠,宝宝肠
小排面,面糕
长沙香肠,长沙
反沙芋,反沙
小腰头,大红腰
垃圾桶,马桶套
现磨豆浆,现烙
亲爱粥,亲爱
水煮时蔬,水煮鱼
猪扒,猪骨汤
清炒虾仁,清炒苦瓜
^,套餐
西瓜冰沙,西瓜
干煸肉丝,干煸
烤红薯,烤鸡蛋
烤红薯,锡纸烤梨
无骨鸡柳,无骨
#NAME?,饮料
烤红薯,烤金针菇
烤红薯,串烤
烤红薯,烤翅中
鱼头煲,板栗鸡煲
溜鱼片,醋溜
虾仁炒饭,蛋炒饼
虾仁炒饭,烤肉饭
阳桃,建阳
阳桃,太阳李
大冷面,大面筋
炸馒头片,炸酱面
油渣,葱油
油渣,红油
油渣,葱油鸡
开酒器,白葡萄酒
豆浆,吊浆
甘梅地瓜,甘梅味
鸡锁骨,桥头排骨
麻辣鸭脖,麻辣烫
烧大肠,大丰收
鸡油饭,豉油鸡
熊猫果茶,熊猫
鸭血粉丝,老鸭汤粉
焦糖瓜子,冰糖桔子
焦糖瓜子,糖水桔子
水煮肉片,京酱肉丝
炝锅面,大锅菜
炒牛河,炒丁螺
炒牛河,鸡粒炒饭
水煮肉片,跳水
数字蛋糕,数字
炒黄牛肉,炒时蔬
水煮肉片,沾水
炒牛河,生炒
炒牛河,炒大肠
水果披萨,水果杯
水煮肉片,蘸水
水煮肉片,_水
烤土豆,土豆泥饭
馄饨皮,虾皮
马卡龙,卡娜蕾
水煮肉片,田螺肉
马卡龙,卡通猫
马卡龙,卡门
马卡龙,卡片
牛肉饼,牛肉粉
水煮肉片,扇贝肉
咸干花生,葵花籽
奶盖,芝士奶沫
拖把,凉拖鞋
拖把,女拖
电脑,充电
电脑,供电
电脑,电吹风
哇哈哈,哈哈镜
漱口水,水溶
奶盖,奶爸
吃鸡蛋糕,晚上吃鸡
肉拌饭,鸡肉丸
奶盖,动动奶
鸡米花,脆皮鸡柳
蒸米粉,鸡蛋蒸
奶香片,奶露
羊角包,羊角
宠物梳,宠物
湿炒,炒牛肉_
汤饭馆,汤饭
千叶豆腐,土豆片
鸡米花,韩酱鸡翅
鸡米花,鸡骨架
鸡米花,香骨鸡
炒鱿鱼,炒大肠
日式咖喱,日式
炒鱿鱼,炒山药
炒鱿鱼,清炒
炒鱿鱼,辣炒
炒鱿鱼,爆炒鸡
炒鱿鱼,黄花鱼
蛋汤,猪肝汤
蛋汤,驴杂汤
炒鸡杂,清炒豆芽
炒鸡杂,荷兰豆炒
花椒,花菇
花椒,稻花香
烤面筋,烤蟹排
烤面筋,烤大蒜头
鸭肠,枣肠
大梁骨头,大头菜
烤面筋,烤腰子
水果汁,水果杯
玻璃胶,玻璃
烤面筋,烤罗非鱼
烤面筋,烤火龙
三分熟,五分熟
香辣虾,麻辣香锅
烤面筋,面包鱼
大带子,大茄子
烤面筋,烤鸡腿
烤面筋,烤鸭畛
尖叫米线,尖叫
烤面筋,烤鸡腿肉
烤面筋,烤火
烤面筋,烤猪颈肉
牛肉筋,烤牛蛙
意大利面,大吉大利
罗非鱼,墨鱼仔
鸡爪,十八爪
滑蛋饭,肉饭
盒饭,不带米饭
盒饭,不含饭
红烧鱼头,红烧茄子
闷骚的鱼,闷骚
脆皮炸鸡,炸椰菜花
蒜香骨,排骨煲
烧卖羊汤,烧卖
水煮鱼片,水煮
生日花,生日蛋糕
恶搞蛋糕,抖音恶搞
鳝鱼面,猪肝面
鳝鱼面,面粉
猪扒包,炸鸡扒
卤肉,卤鸡蛋
鸭架,咸鸭蛋
蚊香液,洁厕液
牛腩_,湿炒牛河
菜包鱼,包烧
菜包鱼,包烧米干
矿泉水,水晶葡萄
炒_条,炒蟹
矿泉水,水蜜桃
矿泉水,水蜜桃汁
肥肠面,肥肠饭
矿泉水,泡水
矿泉水,酒水
花生米,稻花香米
花生米,雪花纯生
卤肉,肉饼窝蛋
烤羊蹄,烤青椒
烤羊蹄,烤饼
炒米饭,不带米饭
迷你小串,迷你猪
铁扇奶茶,铁扇公主
猪肉韭菜,猪肉水饺
花椒鸡,豆花
花椒鸡,辣椒
芒果,果捞
芒果,果捞里
花椒鸡,干椒
芒果,万寿果
芒果,果汁瓶
草莓洗净,洗净
爬墙肘子,爬墙
红糖馒头,姜红糖
鱿鱼饭,鸡腿饭
韩式套餐,韩式
水果酸奶,种水果
羊杂碎,羊油
熏肉,鸡肉丝
水果餐,果农
水果餐,坚果
蒸鸡蛋,烧鸡块
蒸鸡蛋,蒸唐人神
蒸鸡蛋,草鸡汤
鸡蛋酱,酱鸡
布朗尼,布丁
人气叉烧,人气
盐水鸡,盐水
炝锅鱼,鱼香茄子
炸藕,炸鸡心
炒油菜,炒肉
炒油菜,油渣
酸菜馅饼,酸辣白菜
鸡肉米线,煎鸡蛋
二锅头,骨头锅
鸡肉米线,牛肉面
烩面,羊肉烩
炒田螺,酸笋炒
炒田螺,炒芥兰
炒手工面,手工
地狱拉面,地狱
炒田螺,炒番薯叶
炒田螺,大肠炒
辣炒鸡杂,辣炒
炒田螺,清炒苦瓜
烤臭豆腐,碳烤土豆
烤臭豆腐,烤四季豆
炒田螺,豆酱炒
炒田螺,炒豆芽
炒田螺,四季豆炒
炒田螺,五花肉炒
炒田螺,大蒜炒
炒田螺,炒土豆丝
炒田螺,蛋炒米粉
炒田螺,炒粉丝
炒田螺,肉炒饭
充电器线,鱼尾线
鸡精,精制
现剥榴莲,现切
烤肠,烤全翅
男神套餐,套餐
炒凤尾,炒蛋
炒凤尾,呛炒
钢笔,笔记本
订书机,吹风机
大白腰,烤大虾
酱猪头肉,羊肉串
日式,韩式
日式,港式
日式,德式
美式咖啡,意式
日式,法式
日式,韩式炸鸡
油炸馒头,油炸鸡
小米稀饭,小排饭
小米稀饭,米饭另点
炒鸡,蒸鸡蛋
卤猪蹄,卤鸡尖
炒鸡,炒水蕨菜
炒鸡,炒菜心
黄焖鸡,黄瓜鸡蛋
炒鸡,炒豆腐
炒鸡,炒青菜
炒鸡,清炒豆芽
烧麦,null
卤猪蹄,卤汁
炒鸡,炒牛肉
黄焖鸡饭,伴饭
糖炒板栗,白芝麻糖
咸豆花,葱花饼
暖水袋,注水
暖水袋,饮水杯
维他命水,水蜜桃汁
电热水壶,胶水
双人干锅,双人
娃哈哈,哈哈镜
油泼面,荞面_络
纯果汁,奇异果
剃毛机,毛巾
油泼面,面刀
油泼面,油酥饼夹
烤五花肉,爆烤
烤五花肉,烤猪蹄儿
烤五花肉,烤虾串
烤五花肉,烤粉
牛肉糁汤,牛肉饼
油泼面,在上面
烤五花肉,烤黄瓜片
手工蛋饺,手工
羊肉米线,酥肉
烤五花肉,鸡肉
羊肉米线,焖肉
黄焖土豆,黄豆芽
鸳鸯奶茶,鸳鸯
饭包^,null
小米绿豆,小虾米
干脆面,脆果
干脆面,面袋
压水器,N张水票
修正液,直液式
漂白水,水果刀
韩式面,韩式炸鸡
梅干菜饼,酥饼
凉拌青瓜,凉拌鸡脚
手撕包菜,包含
天使沙拉,天使
糯米芒果,黑糯米
犬奶糕,犬猫
肉丝,牛肉沫
香菇肉粽,香菇
肉丝,牛肉煲
宫爆鸡丁,老爆三样
火锅丸,火锅底料
肉丝,蒸肉饼
肉丝,猪肉饺子
宫爆鸡丁,鸡骨酱
酱汤,酱茄子
烤鸡蛋,鸡头
酱汤,蒜酱
烤鸡蛋,烤牛板筋
烤鸡蛋,烤面包
林德曼,乐曼
林德曼,德国
烤鸡蛋,鸡尾
炸肠,轰炸
火锅底料,锅圈
火锅底料,茶叶蛋料
火锅底料,送锅
小锅米线,米酒小
薯粉,拌粉
薯粉,炒粉签
榴莲裙,榴莲
榨菜炒肉,炒韭菜
水煮肉,水煮蛋
鸭饭,加饭
现炸油条,现做
凯撒沙拉,凯撒大帝
坚果,水果味
坚果,果园老农
坚果,果蔬
坚果,果粒
公蟹,两公
豆皮,绍皮
锅包肉,干锅包菜
饼丝,饼夹肠
菜馍,馍加蛋
三鲜水饺,地三鲜
佛跳墙,佛爷
定安粽子,定安
烧鹅腿,鹅_饭
烤鲫鱼,烤金针菇
干巴肉,鸡肉肠
鸡米饭,不带米饭
烤鲫鱼,烤牛板筋
烤鲫鱼,烤四季豆
棉拖鞋,胶棉拖把
烤鲫鱼,烤土豆片
泰国柚,泰国
酸菜汤圆,圆白菜
梅菜扣肉,鸡米芽菜
梅红蛋糕,梅红
无油,黄油
烤鲫鱼,何师烤
油焖茄子,葱油
油焖茄子,油麦菜
猪肝,猪肉片
益母草,益母猪
鲜切水果,切块陵水
烧鸡饭,肥牛饭
梅菜扣肉,咖喱牛肉
梅菜扣肉,肉_
梅菜扣肉,鸭肉
食用盐,食用
梅菜扣肉,肉丝饭
梅菜扣肉,肉沫饭
清蒸,蒸扇贝
凉糕,孝子凉虾
剔尖,擦尖
肉糕,驴肉
大鱿鱼,鱼丸
大骨,黄骨鱼粉
鸡蛋果,水果玉米
鸡蛋果,坏果包赔
生日蜡烛,生日蛋糕
烤鸡爪,烤鸡蛋
鸡蛋果,芒果酱
三分熟,熟筋
鸡蛋果,大果粒
泰国止咳,泰国
烤翅尖,炭烤
草莓啤酒,草莓
鸡蛋果,苹果
鸡蛋果,芒果爆珠
鸡蛋果,真果粒
香菇鸡丝,香菇酱
大包,包装
小黄花鱼,小碗花
小黄花鱼,小黄牛
鸡肉,香烤牛肉
清炒豆芽,炒肉丝
水果沙拉,鱼沙拉
鸡肉,羊肉
烤尖椒,烤鹌鹑
蟹黄堡,脆鸡腿堡
虎皮凤爪,豆皮
兰花豆,花生豆浆
木耳炒肉,炒鸡蛋
花生汤,葱花
花生汤,石花膏
白桃爱玉,白玉
花生汤,菊花茶
水泥钉,水杯
婴儿油,婴儿
海带丝,海鸭蛋
木耳炒肉,炒虾仁
红豆丸子,红豆沙
汤年糕,粉丝汤
汤年糕,鸡鸭血汤
羊枪,枪头
汤年糕,酸辣汤
麻辣豆芽,大麻大辣
汤年糕,牛肉汤
汤年糕,老汤
汤年糕,猪心汤
油饺,猪油糕
烧牛肉,牛肉拌面
牛肉凉面,牛肉盖饭
砂糖桔,砂糖
木桶饭,不含饭
木桶饭,米饭另点
木桶饭,不配饭
大头鱼,大头蒜
红烧冬瓜,红烧肉
鱼饭,招牌饭
茶中茶,蛋糕奶茶
毛巾,软毛
毛巾,剃毛刀
毛巾,去毛器
火腿粉,火腿
毛巾,刷毛
木桶饭,下饭菜
烤鳕鱼,烤鸡心
烤鳕鱼,烤牛板筋
米皮,牛肉米线
小黄鱼,小黄牛
米皮,杏皮茶
炒小白菜,炒鸡蛋
猪蹄饭,菜饭汤
丽芝士,法丽兹
_海鲜饭,鲜茄
水泥蛋糕,水泥
酸菜炒饭,炒青菜
卤猪脚,卤豆干
鸭血单点,单点不送
红烧肉面,红烧
牛杂面,素面
牛腰子,烤茄子
渣广椒,合渣
白灼麻蛤,白灼
益母果,瓜果切
益母果,果切
点心,暖心
点心,匠心
点心,走心
益母果,果盒
椰奶冻,奶酪包
益母果,优果乐
小混沌,小混蛋
益母果,果漾
饺子皮,子皮
片皮鸭,馍皮
片皮鸭,卤豆腐皮
大豆蛋白,大白梨
爆米花,麻花
益母果,小苹果
爆米花,葵花籽
飘香拌面,香拌
四件套,四排扣件
拖线板,接线
宠物,宠维滋
宠物,宠儿香
宠物,宠康
鸭肉,罗汉肉
鸭血汤,贡丸汤
鸭肉,红烧肉圆
大蒜炒肉,蒜黄炒蛋
鸡蛋大饼,大鸡排
鸭肉,小牛肉
樱桃肉,扒牛肉条
米饭单点,单点不送
樱桃肉,坨坨肉
鸭肉,牛肉饼
鸭肉,鸭血面
鸡肉沙拉,肉酱意面
鸡肉沙拉,小牛肉
杨梅汁,椰汁
巧克力奶,巧克力
小丸子,小号盒子
童子鸡,跳舞的鸡
韩式辣酱,韩式
鞋刷,刷牙杯
鞋刷,修鞋胶
炒花甲,炒花
绿萝,豆瓣绿
毛豆花生,花毛一体
无籽西瓜,无籽
炒菠菜,炒肉丝
炒菠菜,炒螺丝肉
小馒头,小猪头
鱼香炒面,鱼香肉丝
红烧猪手,红烧茄子
黄鱼面,目鱼
小牛肉饭,小牛
淮山豆浆,淮山
护发乳,发质
鸡蛋仔,大脸鸡排
鸡蛋仔,爆酱鸡排
护发乳,护理
半边鸡,半只
护发乳,护垫
护发乳,呵护型
炸带鱼,炸茄合
情趣蛋糕,情趣内衣
鸡蛋仔,台式鸡排
炸带鱼,炸鲜奶
香芹,炒香菇
护垫,护理
原味寿司,原味
护垫,银耳柔护
烤鸡头,烤海蛎头
护垫,保护
护垫,养护
8次方,次方白
核桃包,表情包
油饼,流油鸭蛋
麻将蛋糕,麻将桌
罗汉肉,肉燕
脑花,郡花
油饼,油盐
小白寿司,小白家
脑花,小郡花
干拌面,牛肉干拌
脑花,五花肉串
脑花,花哈
猪心,护心肢
糖油饼,冰糖奶油
脑花,鸭脑壳飞
脑花,雪花肥牛
脑花,鲜花蛤
盖饭^,null
脑花,有机花菜
脑花,雪花肉
玉米肠,腰花肠
干炸鲜蘑,干炸
满杯鲜橙,满杯
烧鸭,叉烧拼
桶装水,水中
滑蛋牛肉,滑蛋叉
桶装水,压水泵
桶装水,取水器
烧鸭,烧鸡亦
烧鸭,拼叉烧饭
萝卜皮,猪皮
麦香鱼,鳕鱼堡
油碟,清油
老鸡汤,排骨汤
烧鸭,叉烧例
炒螺,炒菜心
烧鸭,烧鸡亦饭
炒螺,炒空心菜
炒螺,牛肉炒饭
炒螺,炒青菜
炒螺,蛋炒米粉
烧鸭,叉烧濑粉
沙冰,不能去冰
卤猪皮,猪粉
烧鸭,咸鸭
烧鸭,_发烧
玉米水饺,玉米肠
烧鸭,烧肠头
猪肝炒饭,猪肝汤
牛肉炒面,烤牛肉串
猪肉串,烤牛肉筋
新鲜猪脚,新鲜
炒面,蛋炒白_
炒面,蛋炒白果
牛肉丸汤,牛肉饭
黄焖鸡,牛腩焖
炒面,蛋肉炒饭
送宿舍,女生宿舍
卫生棉条,卫生
牛排饭,鱼排饭
炒面,炒搓鱼
炒面,六鲜面
黄焖鸡,焖牛腩
清炒莴苣,清炒
炒面,湿炒果条
牛肉面,肉松面包
炒面,蛋炒馍花
猪肝汤,青菜汤
猪肝汤,莲子汤
炒面,蛋炒麻食
炒面,面片汤
炒面,双蛋炒
烤羊肉串,烤黄瓜串
炒面,蛋炒揪片
西葫芦,西葫美景
烤牛排,现烤
烤牛排,烤土豆片
百草味,草莓口味
炒面,炒果
烤羊肉串,烤小羊腿
香水鱼,香水
水煮鱼,放水煮
炒面,牛肉炒_
炒面,炒揪片子
炒面,火腿炒
水煮鱼,柠檬水煮
炒面,在上面
烤肉,牛肉_饭
部队锅,部队
烤肉,牛肉意面
大饼,素饼加肠
蛋黄鸡翅,鸡蛋
葡萄酒,葡萄
新疆大盘,新疆
奶霜葡萄,葡萄杯
温州拌面,温州
酸菜炒,炒鸡蛋
炒面,黄瓜炒
西瓜奶盖,西瓜
炸鸡翅,炸鲜奶
炸鸡翅,轰炸
番茄鱼片,番茄
西瓜霜,西瓜
电插板,电池
地瓜粥,炒地瓜叶
鸡粥,咸鸡
豆卜,白萝卜
炸鸡翅,爆炸
豆卜,酸萝卜
烤油边,生烤
糊汤米酒,原汤虾米
田林熟食,田林一
炒钉螺,炒菜心
炒钉螺,炒空心菜
炒钉螺,炒番薯叶
炒钉螺,炒大肠
白煮蛋,白米粥
炒钉螺,荷兰豆炒
光明冰砖,光明
炸花生,松花
炸花生,秘制花甲
水晶饺,游水
韩式炸酱,韩式
炸虾仁,炸鸡翅
一件饮料,一件
锡纸包鸡,纸包
烤布丁,_烤
珍珠汤,珍珠
双眼皮贴,皮筋
双眼皮贴,眼镜盒
湘西外婆,湘西
避孕套,早早孕
避孕套,虎牙套
拉面^,null
避孕套,测孕纸
烤鱿鱼,烤心管
烤土豆,烤尖椒
花枝丸,鸡米花
烤土豆,烤猪腰子
烤鱿鱼,烤鸡脖
花枝丸,切花
花枝丸,虾丸
烤土豆,烤鸡珍
烤鱿鱼,烤馒头干
孜然肉片,孜然
烤土豆,烤虾
烤鱿鱼,烤地瓜片
烤土豆,烤马面鱼
烤土豆,烤面包片
烤土豆,烤翅中
手撕烤兔,烤鸭
烤土豆,香烤
油咖喱,芝麻油
牛肉滑蛋,牛肉饭
烤土豆,煎烤
烤鱿鱼,烤尖椒
烤羊肉,碳烤牛肉
石锅饭,牛肉拌饭
烤鱿鱼,烤土豆
烤鱿鱼,烤大蒜
烤鱿鱼,烤全
烤鱿鱼,烤护心
炒空心菜,炒五花肉
麻辣鸡,鸡米饭
花生汤,花生
炒空心菜,湿炒牛河
烤鱿鱼,烤平菇
炒腊肉,炒芥兰
苹果耳机,苹果味
牛肉粉丝,炒肉丝
肉圆,烧肉
秦皇炒饭,秦皇
里脊肉,牛肉肠
肉圆,青椒肉丝
肉圆,猪头肉
肉圆,葱肉
肉圆,肉沫
大瓶,大雪碧
肉圆,滑肉汤
肉圆,炒三层肉
烤鹌鹑,烤鸡胗
烤鹌鹑,烤油边
血糯米,血糯
烤鹌鹑,烤牛肉串
葱爆羊肉,京葱爆
烤鹌鹑,烤韭菜
烤鹌鹑,烤秋刀鱼
烤鹌鹑,烤鱿鱼爪
烤鹌鹑,烤大蒜
本地菠菜,本地
烤鹌鹑,烤带子
火锅鸡,生鸡无锅
三鲜水饺,鲜肉包
烤鹌鹑,烤鳕鱼
狼牙土豆,狼牙
炒面牛肉,牛肉刀
整只鸡,今晚吃鸡
凉米线,凉米虾
黄金糕,黄金
瘦肉粥,猪肉饼
网红辣皮,网红
脆皮鸡排,脆皮玉米
酸辣鸡脚,酸辣
鸡蛋面,鸡蛋
酸辣粉,粉面俩掺
羊肉饺子,羊肉串
瘦肉粥,肉饺
羊肉饺子,肉段茄子
瘦肉粥,冬菇鸡粥
瘦肉粥,肉圆汤
三及第,六及第十
椒盐水蛇,椒盐
烤鸡手,烤土豆片
花茶,花包
麻辣田螺,麻辣味
烤鸡手,烤韭菜
狗绳,狗狗
不烂子,不烂
烤玉米,烤大蒜头
江小白,小白
烤玉米,烤鸡尖
烤玉米,烤羊排串
烤玉米,烤中翅
烤玉米,烤鸡肾
烤玉米,烤鱿鱼板
烤玉米,烤鱿鱼嘴
北京烤鸭,咸鸭蛋
烤玉米,烤青虾
烤玉米,烤面包鱼
烤玉米,碳烤鸡
牛肉汤,牛肉拌饭
烤玉米,烤鱿鱼串
烤玉米,电烤
北京烤鸭,流油鸭蛋
瘦肉粥,面筋塞肉
瘦肉粥,香菇肉
烤玉米,烤牛排
烤玉米,烤猪沙肝
瘦肉粥,炸醋肉
烤玉米,烤鸡腿肉
烤玉米,烤鸡肉
拌牛肉,拌黄瓜
拌牛肉,拌豆芽
夹肉饼,肉蓉面
消毒水,免水洗
土豆片,豆皮
炒虾尾,炒鸡
意大利醋,澳大利亚
意大利醋,意大利
砂糖桔,沙糖
海鲜饭,鲜蔬
肉羹,鸡肉棒
酸辣白菜,酸菜粉
下沙馄饨,下沙
海鲜饭,放在饭里
空心粉,粉丝
火锅米线,锅底
火锅米线,菌锅
海鲜饭,海陆
麻辣鸭血,麻辣
安心裤,随心翻
干锅洋芋,干锅
红烧茄子,红烧鲫鱼
安心裤,背心
马桶吸,垃圾桶
咸花生,葵花籽
马桶吸,水桶
猫奶粉,小猫奶瓶
梨汤,雪梨粥
烧茄子饭,干烧肉饭
烤鲶鱼,烤土豆
肉酱意粉,鸡肉饭
椒麻鸡,麻香鱼
椒麻鸡,麻酱
大饼鸡蛋,大鸡排
东北大板,东北风
西湖牛肉,西湖
带鱼,海带根
带鱼,烤鲈鱼
鸭血,猪血糕
椒麻鸡,麻辣味
带鱼,海带结
油麦菜,油菜约
糁汤油饼,糁汤
把把,一把
把把,每把
鸭血,酸萝卜鸭
夫妻肺片,老夫妻
上海炒面,上海
白米饭,不带米饭
炒木耳,爆炒
驴肉红烧,纯肉火烧
烤肉筋,烤面包
水箱,矿泉水
酸汤肥牛,酸牛奶
一次性碗,一次
酸汤肥牛,酸梅汤
炒海鲜面,海鲜
葱油饼,葱花肉
水果刀,水果
水果刀,水果黄瓜
水果刀,热带水果
炸洋芋,炸鸡脚
炒粉干,进去炒
萝卜汁,菠萝
炒粉干,蛋炒
茄子包,肉包子
炸洋芋,炸鱼排
烤豆腐,烤土豆片
烤豆腐,烤芸豆
黄焖素拼,黄焖鸡
炒粉干,尖椒炒
炒粉干,在里面炒
蛋炒面,炒拨烂子
数据线,编织线
鸡肉饭,猪肉盖饭
数据线,无线
数据线,一线
数据线,针线盒
荷叶鸡饭,肥牛饭
鸡肉饭,牛肉炒饭
鸡堡,童子鸡
甜豆花,甜白酒
鸡肉串,纯肉肠
烧鸭饭,烧腩
香辣蟹,香辣鸡
扇贝新鲜,新鲜
烧鸭饭,叉烧肉
红豆奶茶,网红烤奶
鸡肉串,牛肉筋
炒白菜,清炒豆芽
土豆鸡肉,土豆
充电器,电器
炒白菜,白油
黄金馒头,黄金
烧鸭饭,焖排骨饭
泰满足,素匠泰式
泰满足,泰柠寒天
麻辣米线,麻辣牛肉
烧鸭饭,不带饭
香酥鸡,蒜香小酥
心形蛋糕,心形
汤粉,猪什汤
烧鸭饭,加饭里
宁波年糕,宁波
炸鸡胗,油炸
日本鼻,日本
水煮活鱼,放水煮
衣杆,洗衣液
土豆回锅,土豆丝
大串鱿鱼,大串
日本酵素,日本
麻辣爆肚,麻辣
辣汤,汤锅贴
绿豆粥,炒绿豆芽
五香鸭头,五香
烤面包,烤鸡胗
烤面包,碳烤
烤面包,烤鸡心
锡纸煎蛋,锡纸
汤粉,猪骨汤
烤面包,烤五花肉
烤面包,烤大蒜
炸肉,炸鲜蘑
烤面包,烤鱿鱼须
烤面包,碳烤鸡
炸肉,爆炸
烤面包,烤鱿鱼爪
汤粉,饺子汤
炸肉,轰炸
烤面包,烤牛心管
牛肉_条,肉炒果条
牛肉土豆,牛肉丸
炸肉,炸花生米
烤面包,烤全肥
烤面包,烤多味鱼
烤面包,烤猪皮
八刀汤,牛筋丸汤
咖啡色,咖啡
菜肉馄饨,雪菜肉丝
爆米花,花生米
戈饭,菠萝炒饭
炸鸡脖,炸冷面卷
鸡蛋汤,鸡汁汤包
北京烤,老北京
八爪鱼,八爪足
鸡排饭,猪排米饭
保鲜膜,保湿面膜
海南鸡饭,南海
糖油饼,白糖
糖油饼,加糖
烧老鹅,红烧鱼
鸡鸡娃娃,娃娃菜
韩式年糕,韩式
炒面线,面线汤
羊奶,奶膏
西瓜汁,原汁机
香肠饭,茄子饭
辣子鸡面,猪肚面
香肠饭,猪肘饭
冰水,水蜜桃
衢州鸭掌,衢州
豆花饭,套饭
豆花饭,不带饭
便当,烤肉弁当
豆花饭,不配饭
便当,当红
便当,当思
烤鸡腿,蝴蝶腿
烤鸡腿,鸡米花
被套,鸭仔被
新疆奶茶,新疆
炒鸡蛋,小炒仔鸡
排骨汤,青菜汤
排骨汤,花蛤汤
排骨汤,汤娃娃菜
炒鸡蛋,乌鸡蛋糕
那么咖喱,那么
排骨汤,汤米线
烤鸡腿,烤面筋串
一桶香,一碗香
渔粉,猪血粉
麻辣鸡架,麻辣烫
脆皮香蕉,劲脆香辣
脆皮香蕉,劲脆麦香
炒五花肉,西兰花
炒五花肉,有机花菜
烤鸡腿,烤油边
青椒鱼,青椒
杀猪菜,渍菜粉
坛子肉,坛子
八爪鱼,目鱼花
霸气,霸霸
烤排骨,碳烤
不粘锅,木锅铲
油茶,茶叶蛋
烤排骨,烤牛板筋
油茶,糖油果子
烤排骨,烤面筋
油茶,油酥
油茶,茶膏
油茶,小油条
铁板鱿鱼,铁板实蛋
烤排骨,烤土豆片
烤排骨,烤四季豆
玉米饺子,松仁玉米
菜包子,沙包
烤排骨,烤馒头片
黑糖牛奶,黑金牛牛
八爪鱼,有骨凤爪
鱼香肝尖,尖椒
八爪鱼,鱼果
番茄米线,番茄刀
盘子,铲子
小米椒,小米
八爪鱼,鱼片粥
京酱肉丝,肉焖
大肉面,大扣肉
蛋糕奶茶,恋奶
朝鲜冷面,朝鲜
朝鲜冷面,朝鲜泡菜
蛋糕奶茶,牛奶绿
京酱肉丝,咕老肉
京酱肉丝,肉盖饭
炸薯片,炸石蛋
冒鸭子,荤素冒菜
香芋糖水,香芋
冒鸭子,加冒
炸春卷,多春鱼
夹子,绳子
通心面,长通粉
香汁排骨,豉汁
通心面,面包丁
通心面,烤面包丁
通心面,面包配
手工锅巴,手工
土鸡粥,田鸡
剃须刀,刀架两
牛肉罩饼,一罩三
牛肉罩饼,二罩三
拌面扁肉,牛肉面
8分熟,三分熟
牛肉罩饼,二两罩
牛肉罩饼,中牛
肝腰合炒,炒木耳
绿豆糕,蛋糕盒
草莓千层,草莓味
电池,电热
电池,电胶布
电池,电水壶
蒸蛋,蒸芋头
菠萝蜜,菠萝饭
蒸蛋,梅菜蒸
蒸蛋,汗蒸
掌心脆,夹心
牛肉面店,炒牛肉
豆腐色拉,煎豆腐
菜米饭,不带米饭
蒸蛋,合茶碗蒸
蒸蛋,粉丝蒸
香蕉牛奶,香辣牛肉
进口超市,进口_醇
招牌鱿鱼,招牌
奶油蛋糕,奶酪条
日式面,日式
会员霸王,霸王鸡
牛肉粉,冬粉鸭
网红爆浆,网红
烤鸡腿,烤鸡蛋
牛肉粉,拆骨肉
大馒头,大头菜
整鸡,的鸡
牛肉粉,最牛的
牛肉粉,牛哥
牛肉粉,椒粉
牛肉粉,扣肉饭
牛肉粉,花甲粉丝
牛肉粉,蛋炒河粉
牛肉粉,蛋炒米粉
牛肉粉,牛魔王
牛肉粉,酱肉
牛肉粉,小酥肉
泡澡牛奶,泡澡袋
湿炒牛河,牛腩汤
姜鸭面,红汤姜鸭
水煮鸡胸,水煮蛋
泡椒牛肉,青椒肉丝
原味鸡,原味奶茶
湿炒牛河,蛋炒饭
湿炒牛河,姜葱炒
潮汕牛肉,加肉
焖子,小公鸡焖
韩国拉面,韩国炸鸡
湿炒牛河,蒜蓉炒
湿炒牛河,炒菜心
烤猪蹄儿,烤饼
柠檬甘蔗,柠檬汁
牛角,号角
珍珠丸,珍珠
牛角,牛肉汉堡
面盆,布面
面盆,单面
椰子糖,榴莲糖
荔枝鱼,荔枝
黄金椰,黄金
小米粥,小馇子粥
百香果茶,牛乳茶
薏仁,麦仁粥
洗发精,洗衣液
洗发精,发质
油白菜,过油肉
油白菜,油炸
油白菜,烙油饼
划水,水蒸蛋
牛肉丸粥,牛肉
炸鸡叉骨,无骨
哈密瓜,哈密
炸弹汉堡,炸弹
炸鸡叉骨,炸耦合
酸辣馄饨,酸辣
酸辣馄饨,酸辣面
汉堡套餐,套餐二
炸鸡叉骨,炸茄盒
炸鸡叉骨,特色炸
猪肉丸汤,肉蛋
炸鸡叉骨,炸石蛋
奶条,牛奶棒
烤肉拌面,牛肉炒面
鱿鱼饼,鱼豆腐
炸鸡叉骨,炸实蛋
金针菇,仅针对
炸鸡叉骨,炸菜卷
大骨头,大馒头
大骨头,大头菜
统一红烧,统一
罩饼,二罩三
炸鸡叉骨,炸粉肠
罩饼,一罩三
莲雾,榴莲肉
罩饼,二罩五
大骨头,炸大头菜
罩饼,卷饼加肉
大骨头,大肠头
深夜伴面,深夜
罩饼,一罩二
炸鸡叉骨,炸薯条
罩饼,二两罩
网红蛋糕,抖音网红
炸鸡叉骨,炸洋芋
网红蛋糕,网红抖音
白菜肠粉,白菜饺
牛肉堡,蔬菜堡
光明白雪,光明牌
鸭脖子,鸭子飞了
炸鸡叉骨,炸春卷
牛肉堡,肉串
炒河牛,炒河粉
牛肉堡,小皇堡
小笼汤包,一笼
牛肉堡,鸡腿肉
柠檬水饺,柠檬
牛肉堡,无骨腿肉
小炒鸭,小炒肉
小笼汤包,荷叶包
炸鸡脚,炸薯条
炸鸡脚,烤鸡蛋
现切西瓜,现切
炸鸡脚,炸包浆
炒螺肉,炒螺蛳粉
牛肉罩饼,牛肉汤
炸鸡脚,爆炸
葱爆肉,火爆
炸鸡脚,鸡尾
奶昔,红豆奶茶
宇宙咖喱,宇宙
奶昔,奶熊
蛋黄鸡柳,蛋鸡腿
二狗煎饼,二狗
片皮鸭,免费片皮
水果盒子,盒子
水果盒子,十种水果
奶昔,奶绿
欧式烤肉,欧式
大碴粥,大碟
干煸豆角,肉干豆腐
鸡蛋汉堡,炒鸡蛋
炸扁肉,炸饺
大酱汤,酱大骨
两人份,两人
鸡蛋汉堡,鸡蛋羹
鸭肾饭,鸡翅饭
炸豆腐,油炸
麻辣面,麻汁
炸豆腐,拌炸
炸豆腐,炸鸡皮
炸串卷饼,炸培根卷
炸豆腐,炸实蛋
炸豆腐,炸石蛋
炸豆腐,炸冷面
铁观音,观音
小龙虾,小龙
小龙虾,小龙鱼
小龙虾,小神龙
小龙虾,小白龙
小龙虾,小龙戏
小龙虾,小龙坏
婴儿粉,婴儿
猪肉馅饼,鸡肉饼
网红辣,网红
网红辣,网红瓦块
红烧鸡,红烧肉
红烧鸡,红烧牛肉
无印良品,良品铺子
佩奇蛋糕,佩奇
包菜_,酸菜捆_
充电线,编织线
椰奶花,奶沫蜜桃
充电线,鱼尾线
炸牛奶,轰炸
充电线,广电高科
充电线,防冻线
晾衣架,衣服
炸牛奶,奶香
鸭肠串,一串
海兔,海茸菜
炸牛奶,爆炸
海兔,大海
洁面乳,润发乳
充电线,雷电
炸牛奶,炸牡蛎
炸牛奶,牛肉串
马桶垫,垃圾桶
马桶垫,护垫
菜夹,肉夹馍
充电线,电动
皮蛋,豆皮
皮蛋,萝卜皮
皮蛋,粉皮
皮蛋,烧皮肚
炒果条,湿炒
豆花,桂花酱
花哈,花菜
豆花,春田花花
豆花,石花爽
豆花,桃花泪
豆花,炒腰花
红牛,牛栏山
豆花,花椒鱼
豆花,花花
核桃,桃酥
豆花,有机花菜
水葡萄,矿泉水
炒拉条子,肉臊子
水煎包,水汽
烧汁虾,鲍汁
水煎包,白水
卤鸭肝,卤藕
狮头鹅,鹅翅饭
荷包蛋,手撕包菜
荷包蛋,包菜
奶茶,奶绿
鱼泡,汪刺鱼
低糖,蔗糖
炒泡面,肉丝炒
牛肉饼,瘦肉粥
奶茶,奶爸
奶茶,甜牛奶
炒粉丝,牛肉炒饭
热牛奶,热巧克力
脆皮鸡,神奇的鸡
烤鱼,烤玉米串
北极贝,熟帆立贝
蒜爆羊肉,腌蒜
烤鱼,烤实蛋
热牛奶,牛肉堡
热牛奶,牛肉意面
炒大肠,炒青菜
炒大肠,辣椒炒
牛肉饼,肉酱
炒大肠,酸萝卜炒
烤鱼,烤玉米
猪肠粉,皮蛋肠
脆皮鸡,鸡情无限
炸土豆,炸鸡腿
炸土豆,香酥炸
炸土豆,轰炸
卷笔刀,笔记本
海蜇,海灵菇
海蜇,海鸭蛋
无骨,有骨
烤鱼,烤南瓜饼
小混沌,小笼
花生,麻花
花生,黄花鱼
花生,桂花糕
烤鱼,烤大蒜
花生,冰花
烤鱼,烤地瓜片
花生,花毛
花生,花毛一体
花生,松花蛋
蛋炒饭,炒在里面
蛋炒饭,进去炒
奶茶,谷奶
奶茶,超级奶爸
凉卷粉,凉水
锅贴,一锅
蛋炒饭,炒粉签
大桶水,空桶
拌鸡架,拌豆皮
蛋炒饭,炒河粉类
奶茶,茶鸡蛋仔
椒盐虾,青椒
水趣多,水溶
蛋炒饭,炒蚬子肉
炸鸡架,炸鱼丸
奶茶,包二奶
炸鸡架,宝鸡
调蛋,鸡蛋酒
炸香蕉,炸鸡柳
炸香蕉,轰炸
炸香蕉,油炸鸡
鱼粉,乌鱼片
炸香蕉,炸肠
蛋炒饭,炒田螺
蛋炒饭,炒干虾
鱼香茄条,鳕鱼
鱼粉,排粉
鱼片粥,鸡肉粥
洗洁精,百洁
洗洁精,洗锅刷
卤鸭头,卤莲藕
奶茶,姜汁烤奶
肉骨,荔枝肉
冰棒,玉米棒
烧白,烧椒
翅包饭,猪扒包
烧白,烧肉
饭团,到团里
烤羊宝,碳烤
江小白,白马王子
锅包肉,手撕包菜
海盐奶盖,奶酪包
醉蟹,生醉
海菜,海兔
抽水,水票送
海盐,北海道
牛肉串,一串
锅包肉,平锅
水果盘,月阳果
牛鳗,蒲烧鳗鱼
面馆,排骨面
口水鸡,水煮鱼
章鱼,鱼豆腐
水果蛋糕,硕果
水果蛋糕,果果
牛轧糖,焦糖味
下水管,吸水
炸鸡整只,轰炸
口水鸡,鸡汤饭
口水鸡,滑水
肥牛米线,牛丸
豆排,排骨串
米酒,酒酿鸡蛋
口水鸡,水果沙拉
意大利面,意国小镇
意大利面,面包丁
隐形眼镜,护眼贴
隐形眼镜,黑眼圈
叫花鸡,花生
内衣净,衣架
牛肉板面,坛肉
羊肉泡馍,加肉拉面
小酥肉,猪肉饺
花菜,炒五花肉
花菜,火爆腰花
充电宝,广电高科
花菜,花蚬
花菜,桂花肠
肥牛饭,潮牛
羊肉泡馍,牛肉刀
热水壶,水果刀
热水壶,压水器
热水壶,水晶鞋刷
蟹炒年糕,炒鸡蛋
卤鸭肠,卤海带
热水壶,胶水
凳子,刷子
尿垫,气垫
酱牛肉,酱鸡爪
天润奶啤,酸奶
牛肉拉面,鸡肉
葱饼,洋葱圈
豆芽菜,小青菜
肥牛饭,牛肉酱
汤河粉,猪肉丸汤
野格,格兰菲迪
酱牛肉,鱼香肉丝
麻辣豆腐,芸豆丝
炸蘑菇,炸面筋串
猫罐头,猫森林
日本,熊本
炸蘑菇,轰炸
清汤面,高汤
花生苗,有机花菜
花生苗,西兰花
汤河粉,排骨汤
猫罐头,小奶猫
猫罐头,逗猫玩具
猫罐头,猫玩具
炒花蛤,清炒苦瓜
鸡丁,三丁
炒花蛤,蛋炒饭
面筋串,N串
被子,盆子
被子,鸭仔被
粉肠,鸭肠
清汤面,牛肚汤
卷心菜,护心肉
鲜花,花好月圆
鲜花,那时花开
薄荷糖,无糖
烧花甲,花菜
大盘鸡,炒鸡蛋
沐浴液,消毒液
大盘鸡,小鸡炖
水果刀,胶水
水果刀,沥水篮
水果刀,沥水盆
水果刀,剃须刀
水果刀,滴水筛
水果刀,沥水筛
烤猪,烤蒜
盐酥鸡,玉米酥
牛杂,加杂
烤猪,烤牛肉
牛杂,最牛的
烤猪,烤青椒
泡菜炒饭,炒_条
港式奶茶,泰式
猪脚饭,饭套餐
卡通包,肉包
鱼香肉丝,红烧肉圆
雪梨,炖雪蛤
鱼香肉丝,肉炒豆腐
牛杂,牛米
盐酥鸡,酥南瓜条
鱼香肉丝,樱桃肉
锅巴饭,不含饭
姜撞奶,姜醋
姜撞奶,奶奶
鱼香肉丝,腊肉蒸
酸菜鱼,龙鱼面
鱼头,鱼骨粉
焖面,土豆焖
甜瓜,最甜
鱼香肉丝,小炖肉烩
鱼香肉丝,荔枝肉
蜡笔,削笔机
蜡笔,削笔刀
甜瓜,清甜
掌中宝,去骨鸭掌
窑鸡,窑酒
煮花生,麻花
焖面,黄焖鸡
酸菜鱼,没有鱼
炒馕,炒在
水晶葡萄,汽水
地瓜粉,粉团
芝士_饭,加饭里的
泡爪,泡椒
六寸,N寸小猪
鱿鱼,鱼果
烤冷面,烤肉拌饭
油梨,和风油
油梨,油醋
烤冷面,煮方便面
蚊香,蚊帐
烤冷面,西式烤排
芝士_饭,排骨饭
芝士_饭,焖鸡饭
糊辣汤,粉丝汤
水壶,水果刀
烤冷面,里面加
水壶,沥水篮
水壶,山水画
水壶,水晶鞋刷
水壶,可水洗
发胶,干胶
发胶,洗发乳
豌豆面,加面
白熊,福佳白
水煮肉,泉水鱼
水煮肉,软炸肉
下水道,挤水
下水道,胶水
糊辣汤,糊涂
猫奶糕,幼猫
凉面,凉调
猫奶糕,猫窝
猫奶糕,猫厕所
韩式炸鸡,鸡情
韩式炸鸡,韩国年糕
水煮肉,红烧肉焖
水煮肉,沾水
水煮肉,跳水
爆珠,珍珠奶
韩式炸鸡,鸡友
韩式炸鸡,港式奶茶
鸡排饭,秋刀鱼饭
水煮肉,_水
猫铲,全期猫粮
小杂鱼,牛杂火锅
肉炒面,精肉
羊宝,烤掌中宝
白雪,和路雪
白雪,雪糍
鸡排饭,鱼块饭
板面,多面少菜
鸡杂,干锅鱼杂
心肺,仔肺
面包糠,一包
炸灌肠,干炸
鸡排饭,脆鸡堡
爆爆蛋,爆珠奶茶
水蒸鸡,心灵鸡汤
凉拖,拖把
鸡排饭,排长
卤牛肚,卤鸡爪
卤牛肚,卤鸡脚
菠萝蜜,天蜜
鸡排饭,在饭里
泡饭,海蛎泡
菠萝蜜,蜜蜜瓜
芝士蛋糕,波士顿
芝士蛋糕,骑士
年糕火锅,部队锅
烩饼,素烩汤
炒饼,炒刀削面
鸡掌,不老神鸡
鸡掌,十八掌
酱鸭膀,酱萝卜
炒饼,蛋炒细面
铁公鸡,熏鸡
拉皮,脆皮豆腐
粉蒸肉,肉丝糊辣
木瓜,甜王西瓜
碳烤鱼,鱿鱼须
碳烤鱼,烤金针菇
碳烤鱼,烤玉米
大酱汤,甜辣酱
炒馍花,炒土豆丝
鸭脚草,咸水鸭
洗发水,洗衣粉
肉丸,肉碎肠
洗发水,手洗
洗发水,补水
肉脯,话梅肉
炒饼,辣炒肺子
肉丸,梅菜肉
炸馒头,轰炸
花束,肥皂花
肉丸,加蛋加肉
苦瓜汤,冬瓜
小炒肉,毛豆炒
肉丸,雪花牛肉
肉丸,肉卷饭
小炒肉,炒青菜
苦瓜汤,汤米粉
苦瓜汤,青瓜
小炒肉,炒河虾
烤肉拌饭,鸡肉块
滑蛋,蒸滑鸡
双面胶,桌面
双面胶,胶手套
小炒肉,炒绿豆芽
砂汤,小笼汤包
炸鸡饭,海鲜炒饭
菜花,炒五花肉
烤肉拌饭,牛肉拉面
菜花,花肉
炸鸡饭,烧鸭饭
菜花,花蛤
菜花,炒花蛤
菜花,花椒鸡
菜花,豆花鱼
菜花,黄花鱼
烤肉拌饭,鸡肉串
蕨根粉,蕨菜
海苔,北海道
冒烤鸭,素冒
花甲粉,五谷渔粉
冒烤鸭,合冒
毛豆,花毛一体
肉卷饭,牛肉丸汤
大肉串,一串
大肉串,鸭肠串
小吊梨汤,不分梨
鱼杂,鸡杂
花甲粉,翠花
花甲粉,脑花
红烧鲫鱼,五花肉烧
红烧鲫鱼,烧鸡块
海肠,海捕大虾
花甲粉,鸡花
花甲粉,花枝
红烧鲫鱼,咸鸭烧
花甲粉,开花
花甲粉,细红薯粉
骨腩粥,蒸排骨
红烧鲫鱼,烧汁
花甲粉,五花肉
烤鸡胗,烤猪皮
卤肉面,炒面
手纸,纸杯
开心果,开口
开心果,开原
开心果,夹心
开心果,夹心饼干
开心果,真心
蛋炒粉,红薯粉
尿不湿,湿纸巾
汤面,面对面
黄鱼,子梅鱼
羊肉煲,炸醋肉
羊肉煲,猪头肉
梅饼,西湖梅园
猪耳,黑木耳
洗衣液,内衣
洗衣液,蚊香液
洗衣液,乳液
洗衣液,内衣裤
咸柠七,蓝色妖七
糙米饭,鳗鱼饭
咸柠七,七喜
黄鱼,水晶鱼
果冻橙,小苹果
假睫毛,刮毛器
假睫毛,剃毛器
洗碗巾,洗衣液
鲜果,果切盒
鸡肉粥,鲜肉包
冷面,烤面包
炒白果,炒刀削面
冷面,炒面加量
冷面,擀面皮加
油菜,白油
红龙果,果冻橙
海鳗,海盗
驱蚊液,洗衣液
羊奶粉,小奶猫
桃胶,核桃糊
杂粮饭,海鲜饭
皮搋子,刷子
小串,夺命小
藕带,不带米饭
小串,风流小
小串,钢丝小
肉蛋,牛肉
小串,俊俊小
烧骨,叉烧濑粉
小串,呱呱小
小串,堂堂小
小串,绝色小
小串,仟娇小
小串,酷酷小
羊肉面,大肉
上海青,海带丝
笔记本,白板笔
笔记本,油笔
五花肉饭,牛肉丸汤
笔记本,彩笔
笔记本,墨水笔
笔记本,记录
笔记本,笔尖
烤青椒,烤馒头
干炒牛河,姜葱炒
干炒牛河,蛋炒面
烤青椒,烤鸡胗子
烤青椒,烤五花肉
羊肉面,肉丝
化毛膏,金毛
男内裤,男士袜
柠檬撒,撒撇
毛血旺,毛豆
毛血旺,毛笋尖
芒果冰沙,去冰
母蟹,蟹炒年糕
充电器,爱充
杂粮煎饼,在饼里的
充电器,电茶壶
充电器,电脑
充电器,断电
烤韭菜,烤鸡心
牛肉丸,花枝丸
无矾油条,流油
牛油果,牛仔很芒
牛油果,无油烤
牛肉丸,鱼肉
牛油果,慢烤牛排
牛肉丸,瘦肉粥
牛油果,牛奶汁
烤韭菜,烤鱿鱼板
牛油果,嫩煎牛排
鲜肉包,鲜豆浆
烤韭菜,特色烤
三文鱼,鱼樱之恋
牛油果,油竹
牛油果,无油
烤韭菜,爆烤
牛油果,油醋汁
烤羊头,烤鸡翅
烤韭菜,烤带子
牛油果,煎牛排
牛油果,和牛
烤韭菜,烤鸡排
鳗鱼,辣鱼饼
三文鱼,鱿鱼筒
烤韭菜,烤猪颈肉
牛油果,黄油
牛油果,菲力牛排
螺肉,小鲜肉
玻璃胶,胶棉
牛油果,澳洲和牛
牛油果,蔬果
牛油果,芒果奶昔
广式腊肠,台式
牛油果,西冷牛排
水果,果然
牛油果,种水果
鸡心,卷心菜
牛油果,牛扒
水果,缤纷果捞
牛油果,雪花牛肉
鸡心,护心
三文鱼,沉鱼落雁
豆腐,炒豆芽
地瓜粥,脆瓜
水果,果农
烤青花鱼,烤虾
水果,水晶
水果,果捞里
拖布,拖鞋
汤达人,汤面
拖布,棉拖鞋
稀饭,和子饭
拖布,凉拖
拖布,女拖
拖布,女凉拖
化妆棉,棉袜
烤土豆片,烤尖椒
鹅肉,牛肉丸汤
烤土豆片,烤猪腰子
凉皮,皮皮侠
翅尖,笋尖
卤鸡爪,辣卤鸭头
排骨饭,不带饭
烤土豆片,电烤
烤土豆片,烤羊肉
烤土豆片,烤牛蛙
蜜汁鸡,今晚吃鸡
牛滑,鱼滑汤
凉皮,烧椒皮蛋
排骨饭,饭单点
凉皮,杏皮茶
三及,五及第
三及,六及第汤
烤鸡心,烤玉米
巧乐兹,经典巧
黄瓜汁,木瓜
雪媚娘,雪露
肉夹膜,牛肉汤
波霸,珍波椰
锡纸花甲,雪花肥牛
西葫芦,西红柿
葵花籽油,稻花香
葵花籽油,雪花粉
烤茄子,烤猪皮
水果茶,花果山
牛肉面,肉卤素鸡
萝卜饼,虾饼
烤茄子,烤大虾
咸水角,咸肉粽
水果茶,青苹果汁
兰花豆,蒜味花生
兰花豆,无花果干
蟹肉,虾兵蟹将
兰花豆,棉花糖
烤茄子,羊腰子
烤茄子,碳烤鸡肾
水果茶,活水
烤茄子,烤牛蛙
花菇,虫草花
牛肉饭,土豆肉片
煮方便面,烤面包片
美式,法式
鸡汤面,酸梅汤
退烧贴,创可贴
小泡芙,小贝
夜用,长夜
牛肉饭,小炒肉
牛肉饭,五花肉
牛肉汉堡,肉酱面
蒜瓣肉,肉筋
骨头,骨气
卸甲水,吸水
卸甲水,防水
千页豆腐,土豆片
千页豆腐,绿豆芽
脏脏茶,厚黑脏丸
豆角饭,脆皮鸡饭
欧包,小面包
鱼豆腐,小鱿鱼
苞米花,葵花子
柠檬水,水蜜桃
送水,抽水器
无刺,有刺
红枣汤,绿豆汤
玉子,蟹子
烤鸡,巴西烤肉
布蕾,瀑布
切盒,现切
烤南瓜,烤鸡胸
烤南瓜,香烤鸡胸
百合花,绣球花
色拉,拉发卷
冰淇凌,北冰洋
瓜子,冬瓜糖
鸡肉泥,鱼肉
苕粉,粉耗子
罐头,灌头
葱花跑蛋,花菜
酥肉,水煮肉片
炸鸡,战斗鸡
麻辣烫,少麻
糖酥饼,加糖
果茶,森林玫果
糖酥饼,白糖
烤香肠,疯狂烤翅
仙草,草莓爆蛋
仙草,芋圆仙
晾衣绳,洗衣刷
晾衣绳,洗衣粉
洋酒,酒版
青花椒鱼,稻花香米
青花椒鱼,稻花香
汉堡肉,肉酱面
桃子,桃花潭水
臊子面,蛋炒细面
教士,爱士堡
护发素,酵素
鸡排,爆鸡米花
教士,嘉士伯
护发素,护垫
纸包鸡,包含
臊子面,在上面
炸鸡,轰炸
面粉,花椒粉
海灵菇,海兔
肉烧饼,牛肉汤
鳝鱼,烧甲鱼
鸡排,大鸡大利
鸡排,排长
鸡汤,青菜汤
炸鸡,炸豆腐卷
干锅鸡,需与主锅
炸鸡,杀鸡
鸡汤,汤娃娃菜
肉面,牛肉炒饭
炸鸡,炸香蕉
炒南瓜,炒肉
干锅鸡,砂锅米线
炒豆芽,木耳炒肉
鸡排,排湾
牛奶吐司,牛角
卷筒纸,纸杯
大骨头,大梁
大骨头,骨气
烤馒头片,烤四季豆
饭菜,不带米饭
烤馒头片,烤羊腰
田鸡,焖鸡饭
火锅鸡,汤锅
山楂干,干荷叶
田鸡,鸡丝
修眉刀,水果刀
鸡蛋灌饼,纯肉鸡
行李箱,流行款
鸡蛋灌饼,鸡柳条
螺丝刀,切片刀
草莓酱,花生酱
螺丝刀,剃须刀
牛蛋,牛肉汤
火龙串,牛肉串
冬瓜汤,肉饼汤
彩虹糖,无糖
片皮烤鸭,凉皮
马克笔,笔记
鸭掌,酱鸭肫
芒果冰,芒不错哟
牛心,心管
烤羊,烤鸡手
荤豆花,花椒鱼
鸭掌,鸭子飞了
洗碗,洗衣液
炸小黄鱼,拍黄瓜
洗碗,洗菜
炸小黄鱼,炸花生米
洗碗布,洗衣服
洗碗布,洗脚盆
冰糖葫芦,冰糕
烤羊,烤鸡脚
冰糖葫芦,冰激凌
柠檬鱼,酸萝卜鱼
冰糖葫芦,北冰洋
肉皮,牛肉筋
柠檬鱼,龙鱼面
泳镜,游泳裤
油条,富得流油
肉皮,地皮菜
烤羊,碳烤菜卷
苹果,芒果味
猪脚醋,猪肠粉
猪脚醋,鸡脚
油条,酱油醋
烤羊,烤馒头
烤羊,烤面包片
牛河,炒牛肉例
红糖,糖蒜
海鲜菇,新鲜
西蓝花,豆花
玉米杯,鸡米花
火爆腰花,芫爆
火爆腰花,油爆
电蚊液,洗衣液
火爆腰花,莲花白
浆面条,豆浆
寒菌粉,腰花粉
刀鱼,鱼香茄子
烤肉串,烤地瓜片
榴莲糖,大白兔糖
豌杂面,大杂烩
流油鸭蛋,油条
烧水壶,水果刀
鱿鱼嘴,鱼饼
烧水壶,可水洗
金包银,紫薯包
金包银,牛肉包
_红薯,_饭
绿豆汤,灌汤锅贴
铁板鸡架,鱿鱼板
砂锅面,米线锅
猪排饭,饭戒
砂锅面,烩面
椅子,骰子缸
辣子鸡,泼辣鱼
辣子鸡,厨子
绣球花,花瓶
干煎带鱼,煎豆腐
_果,果茶昔
折耳根,云耳
生馄饨,生卖
裱花袋,花嘴
糖油果子,红糖
饭盒,皂盒
_果,花果山
麻婆豆腐,炒土豆丝
鳗鱼饭,野鳗家的
西瓜,瓜瓜叫
牛排,斗牛
纯净水,水票送
纯净水,水晶葡萄
番茄锅,锅具
炒石螺,酸笋炒
番茄锅,有锅
鳗鱼饭,三文鱼骨
排骨汤饭,含米饭
火烧加肉,驴肉汤
鳗鱼饭,龙力鱼
德运,德国
盐水鸡,椒盐
皮筋,死皮刀
鳗鱼饭,双鱼座
洗甲水,指甲刀
卤肉饭,纯肉肠
洗甲水,指甲剪
拖鞋,拖线板
拖鞋,鞋油刷
拖鞋,拖把头
卤肉饭,加在饭里
烤羊肉,烤鸡心
眼镜,眼线液
烤羊肉,烤鸡胗子
酸汤子,菜饺子
烤羊肉,烤粉
脆皮玉米,脆骨丸
脆皮玉米,双皮奶
脆皮玉米,鸡皮
烤羊肉,烤猪皮
安慕希,希腊
豆芽,千页豆腐
安慕希,新希望
豆芽,油炸豆泡
豆芽,鸡蛋豆腐
酱油,大豆油
烤羊肉,烤马口鱼
洗脸盆,洗车
水桶,水果刀
洗脸盆,洗衣粉
水桶,胶水
烤鸡翅,烤牛心管
鲜芋,鲜奶茶
烤羊肉,烤大蒜
菜饭,不含饭
烤羊肾,烤生蚝
四季豆,麻婆豆付
荷叶炒饭,炒河粉
热干面,酸汤面叶
永生花,皂花
文件夹,燕尾夹
猪肝饭,鱼块饭
猪肉脯,肉枣
保温,环保
酱肉包,肉饼
泥鳅,蒜泥
泥鳅,蒜泥黄瓜
水彩笔,中性笔
鸡叉骨,锁骨
音频线,低音炮
铅笔,中性笔
卤鸭,卤鱼
稀豆粉,冰粉凉虾
桃花酒,酒板
老鸭粉丝,红暑粉
鲜锅兔,鲜椒鱼
鲜锅兔,鲜椒
蛋炒河粉,炒饼
冰沙,薄荷冰奶
肉燕,扁肉汤
肥肠面,鸭腿面
芋圆,芋霸不能
红糖水,水塔糕
芋圆,圆滚滚
烤马面鱼,烤干馍
烧水,漏水
电饭煲,断电
扣肉,肉炒肉
花椒鱼,双椒
扣肉,荔枝肉
草莓奶霜,烤奶
罗斯福,福佳白
罗斯福,莱福
蟹排,蟹子包
梳打饼干,煎饼
扣肉,炒肉丝
搓衣板,衣架
搓衣板,接线板
糖葫芦,豆根糖
羊杂面,辣子鸡面
糖葫芦,牛轧糖
扣肉,鸡肉饭
香菇鸡,信鲍菇
炸排骨,炸墨鱼丸
烧鸭面,叉烧肉
肉花肠,梅花
小黄花鱼,五花肉
生蚝,生鸡脚
炒米面,精炒
炒米面,绿豆面碎
羊腰子,须子
干豆角,香干
小黄花鱼,花螺
干豆角,豆冲
炸猪排,炸薯饼
小黄花鱼,有机菜花
炸猪排,炸翅中
脱因,低因
鱼皮花生,陈皮
炸猪排,轰炸
油香,油条
小黄花鱼,花生米
熏肉大饼,加肉
母鸡汤,牛肉汤
熏肉大饼,菜饼加
小黄花鱼,鱼杂
小黄花鱼,火爆腰花
肉卷,鹅肉
搓澡巾,湿巾
水杯,胶水
水杯,用水
油炸糕,冒油
炒时蔬,肝腰合炒
炒时蔬,蛋炒饭
粉丝汤,渔粉
粉丝汤,蛋肠粉
黑鱼汤,萝卜汤
虾煲,掌中煲
南瓜饼,地瓜条
蒸饺,韭菜饺
炒米饭,肉炒饼
南瓜饼,佛饼
炒米饭,炒炮
肉酱面,牛肉汤
奶油果,酸奶杯
奶油果,榨果汁
奶油果,油竹
奶油果,水果茶
炒米饭,炒蛋
蒸饺,水蒸
卤肉卷,瘦肉粥
小花卷,有机菜花
羊汤,羊双肠
烤羊肉串,串起购
奶油果,奶盖
奶油果,冻酸奶
炒笋,清炒苦瓜
炒粉,蛋炒白果
羊汤,菱角汤
烤羊肉串,烤鸡手
烤羊肉串,烤大蒜
糖水,水塔糕
炒年糕,鸡炒爆辣
糖水,水蜜桃
糖水,水晶之恋
炒年糕,加蛋炒
炒年糕,炒在饭里
炒年糕,鸡炒馕
麦乐鸡,麦香鱼
烤羊肉串,田螺肉
炒粉,素炒饼
烤羊肉串,牛筋串
羊汤,加汤里
羊汤,烤羊腿
春饼,张春
炒猪肝,炒香干
炒猪肝,炒大蒜
煲仔饭,饭十
炒猪肝,韭菜炒
压锅,红焖肉压
压锅,鸡胗压
活鱼,活杀计算
流沙包,鸡肉包
威露士,威猛先生
疙瘩汤,白菜汤
豆糕,豌豆黄
香辣,飘香
香辣,川香
红酒,啤酒杯
炒粉,炒螺
红酒,开酒刀
创口贴,暖贴
创口贴,体贴
炒粉,绿豆芽炒
鲑鱼,鱼翅
手扒鸡,今晚吃鸡
洗发露,洗洁精
洗发露,手洗
退热贴,创口贴
明虾煲,桐乡煲
绿色心情,三色杯
旺仔牛奶,花花牛
卤牛肉,核桃肉
焖鸡,黄焖鱼
辣肉,牛肉拌面
水果披萨,果饮
焖鸡,焖饭
卤牛肉,卤豆腐
炒肉,炒香干
冰粥,芒果冰沙
姜汁红糖,木糖醇
蹄花,石磨豆花
焖鸡,焖汁
蹄花,鲜花蛤
蟹粥,粉肠粥
炒肉,炝炒莲白
李子,柿子饼
雪糕,雪芙饼
李子,无子
伊面,鱼面
柚子茶,柚见菊香
李子,李约
卸妆水,水光
卸妆水,水凝
卸妆水,漂白水
杂鱼,鱼锅
烤羊蛋,烤韭菜
豌豆,豆干
豌豆,豆腐干
焖鸡,焖面
炒肉,玉米粒炒
炒肉,炒盒菜
炒肉,咸菜炒
撒撇,油辣子撒
炖鱼,鱼香肉丝
肉筋,小羊肉
小蛋糕,蟹小方
炒肉,炒豆腐
花甲粉丝,脑花
芋儿,玉儿
芋儿,魔芋鸭
卫生巾,纸面巾
包菜,百叶包
包菜,包含
驴肉火烧,加肉
卫生巾,抽纸巾
卫生巾,毛巾
卫生巾,搓澡巾
卫生巾,洗脸巾
卫生巾,盒抽纸巾
麻辣海鲜,海龙
桌花,恋上花
甜酒粑,二块粑
红烧鱼,大白菜烧
蹄花汤,豆花鱼
肉骨茶,松板肉
蹄花汤,稻花香米
红烧鱼,结烧
肉骨茶,牛肉饭
肉骨茶,海山骨
烤鸭肠,烤金针菇
肉骨茶,牛肉丸
鲜磨豆浆,鲜肉包
肉圆子汤,青椒肉丝
冰淇淋,天冰
纸杯,按摩杯
冰淇淋,夏冰雹
纸杯,卫生纸
纸杯,悦巢纸封
纸杯,手帕纸
冰淇淋,下冰雹
冰淇淋,天淇老
烤鸭肠,烤尖椒
烤鸭肠,烤大蒜
冰淇淋,冰雹
夹肠,白吉馍夹
烤鸭肠,烤猪蹄
冰淇淋,冰大工匠
青花椒,稻花香米
青花椒,稻花香
烤鸭肠,烤干
烤鸭肠,烤鱿鱼串
烤鸭肠,烤馒头片
烤鸭肠,电烤
脆皮金桔,去皮去结
烤鸭肠,烤面包片
烤羊腿,烤茄子
番茄鱼,鱼米线
肥肠,荡气回肠
养生汤,养颜
烤羊腿,烤玉米
牛肉炒饭,炒米粉
祛湿茶,止咳茶
烤羊腿,烤饼
牛肉炒饭,肉夹馍
花生米,花卷
花生米,麻花
花生米,拌花菜
花生米,肘花
花生米,黄花鱼
花生米,小花卷
花生米,葵花子
花生米,花瓜
花生米,叫花鸡
灌汤包,胡辣汤
花生米,海花
灌汤包,糁汤
鸡胸肉,螺肉
酱骨头,无骨
牛肉炒饭,炒刀削
鸡胸肉,牛肉肠
牛肉炒饭,蛋炒拉面
灌汤包,粉丝汤
灌汤包,紫菜汤
牛肉炒饭,五花肉
灌汤包,贡丸汤
雪燕,燕麦
南孚电池,电水壶
鸡胸肉,肉酱意粉
牛肉炒饭,鲜肉饺
辣肉丁,红烧肉圆
烤鸭头,烤韭菜
炒河,蛋炒饭
炒蛋,炒肉片
海带,带鱼
面包,调理包
海带,带米饭
炒蛋,炒肉饭
面包,沙包
杏花楼,桂花
炒蛋,木耳炒
肉饭,甏肉
牛肉羹,鱼羹汤
炒蛋,糟菜炒笋
炒蛋,牛肉炒
炒蛋,老姜炒鸡
炒蛋,咸菜炒
炒蛋,爆炒
炒蛋,炒豆腐
炒蛋,青豆炒
鱿鱼虾,鱼香肉丝
炒蛋,炒田螺
包肉,荷包蛋
驴肉,韭菜肉
炒蛋,炝炒藕条
白斩鸡,土鸡蛋
炒蛋,辣椒炒
驴肉,肉水饺
炒蛋,芥兰炒
炒蛋,笋炒
棉拖鞋,精梳棉
糖醋排骨,醋溜
章鱼烧,炸鱼排
小龙虾,小兄弟
糖醋排骨,醋溜白菜
暖水宝,水果盘
针线包,数据线
水蒸蛋,蒸排骨
针线包,米网线
烤羊排,烤茄子
水蒸蛋,口水鸭
青菜粥,瘦肉粥
烤羊排,碳烤翅中
水蒸蛋,水煮鱼
手把串,一串
鱼头锅,锅仔
烤羊排,烤鱿鱼嘴
芋儿鸡,耗儿鱼
咸肉,肉圆汤
猪皮,粉皮
澡巾,卫生巾
奶黄包,大黄鸭
烤羊排,烤红薯
烤羊排,烤面包
炒猪血,炒木耳
盆子,梳子
炒猪血,炒鱿鱼
小花束,春暖花开
奶黄包,表情包
洗手液,精华液
奶黄包,脆皮鲜奶
樱花卷,花之恋
电烤鸡架,鸡头
舂鸡脚,柠檬舂
电烤鸡架,烤饼
狮子头,把子肉
烤全羊,烤鸭肠
牛肉_饭,_番薯
脆皮烤鸭,馍皮
脆皮烤鸭,皮蛋
甜甜圈,朋友圈
网线,针线盒
只鸡,鸡情
鸡皮,豆腐皮
烤猪脆骨,烤鱿鱼
鸡皮,炸鸡架
乌冬面,加面
刮胡刀,刀架
牙线,针线盒
汤水饺,猪肚汤
刮胡刀,一刀架
可乐鸡,煎鸡蛋
三宝饭,烧鹅饭
烤脑花,烤牛蛙
针线,数据线
豆汤,鸡汤饭
针线,充电线
烤脑花,烤羊排串
哈蜜瓜,晓蜜
鸡爪煲,鲶鱼煲
鸡爪煲,猪手煲
回锅肉,肉丝面
粉干,肉丸粉
米饭,不带饭
鸡块面,煎鸡蛋
回锅肉,嫩牛肉
烤脑花,洋芋花
鱼头汤,排骨汤
烤鸭舌,烤实蛋
炸鲜奶,炸南瓜饼
饼夹,烩饼
烤鸭舌,烤牛蛙
炸鲜奶,轰炸
炸鲜奶,炸肠
炸鲜奶,爆炸
鲜椒鸡,清炖鸡
烤鸡架,烤猪腰子
五花肉,鲜花蛤
五花肉,腰花
桐花菜,桂花肠
桐花菜,五花肉
烤鸡架,烤尖椒
米饭,饭后
瓷碗,洗碗
五花肉,天花板
五花肉,有机菜花
滑肉,牛肉米线
炒河粉,青椒炒
五花肉,有机花菜
肉火烧,里脊肉
炒大蒜,爆炒
福佳,范佳乐
炒河粉,米粉加量
冒鸭血,冒鹌鹑蛋
烤鸡架,烤平菇
炒河粉,粉签
生鱼片,鱼子酱
五花肉,莲花白
五花肉,肉馅
五花肉,西蓝花
鸡翅包饭,鸡皮串
洗衣机,衣柜
洗衣机,洗脚盆
洗衣机,薰衣草
五花肉,葱花
五花肉,鸭肉煲
烧豆腐,红烧鲫鱼
炒方便面,烤面包
衣架,洗衣液
炒河粉,炒香菇
鼠标垫,马桶垫
衣架,洗衣刷
鼠标垫,标签
衣架,薰衣草香
盐_鸡,豉油鸡饭
叉烧饭,烧鹅腿
炒方便面,炒在
鸡翅包饭,鸡亦尖
油焖笋,豉油
炒方便面,进去炒
炒方便面,一起炒
牛肉窝蛋,腊肉
麻团,麻酱
西柚,柚惑
煎饼果子,肉馅饼
炒饭,青豆炒
地瓜叶,炒苦瓜
炒饭,放在饭里
炒饭,湿炒_
柚子皮,虎皮
柚子皮,皮蛋
煎饼果子,果饮
炒饭,加在饭里
猪皮冻,豆皮
鱼皮,豆皮
炒饭,炒手撕
乳酸菌水,汽水
炒饭,农家饭包
红烧肉饭,不带米饭
红烧肉饭,下饭
胶水,按动水笔
炸串,炸鲜奶
炒饭,蛋炒细面
胶水,浇水
胶水,吸水
胶水,花露水
小鱿鱼,小牛肉
电吹风,南孚电池
小鱿鱼,风流小
小鱿鱼,绝色小
蜂蜜,蜜桃味
蜂蜜,蜜桃
老肉豆腐,笨豆芽
蜂蜜,蜜柚
腌面,腌老鼠板
卤鸭儿,老头儿
苏打水,水蜜桃
地瓜,南瓜
地瓜,南瓜饼
牛肉拌面,孜然羊肉
地瓜,小黄瓜
地瓜,西瓜红
糖炒栗子,炒花生
水牛奶,奶糊
糖炒栗子,芝麻糖
水牛奶,红糖水
糖炒栗子,砂糖桔
糖炒栗子,焦糖
芝麻汤圆,花生汤
糖炒栗子,软豆根糖
烤羊尾,烤尖椒
甜烧白,烧肥肠
烤羊尾,烤兔腰
炸冷面,炸鸡心
炸冷面,炸蟹排
酸汤,金汤鱼
炸冷面,轰炸
牛腩粉,肠粉加蛋
炸冷面,炸南瓜饼
炸冷面,炸翅中
炸冷面,爆炸
烤鸭饭,猪蹄膀饭
锐澳,澳迪尼
汤包,啥汤
汤包,丸子汤
烧仙草,草莓爆蛋
汤包,鱼汤面
汤包,紫菜汤
烤菜卷,烤牛心管
烤菜卷,烤鸡胗
烤鸭饭,蒜香骨饭
花雕鸡,炒花甲
炸醋肉,炸菜
黑椒牛柳,滑蛋鸡柳
黑椒牛柳,青椒
炒米,蛋炒细面
芒果茶,奇异果
芒果爆珠,爆爆蛋
_意面,芝士_饭
火锅,一锅
猪杂汤,牛肉汤
火锅,送锅
炸牛排,油炸
洗碗液,洗面奶
洗碗液,蚊香液
猪杂汤,营养汤
口味虾,爽口藕尖
鸭汤,丸子汤
鲜牛肉,鲜鸭肠
冰锐,锐澳
鸽子汤,鲫鱼汤
腰子,带签子
酱大骨,酱茄条
老麻抄手,微微麻
酱大骨,骨气
花露水,野菊花
莓莓,莓飞色舞
豆腐包,金包银
筷子,刷子
意面,意国小镇
意面,芝士面包
肉粽,荠菜肉
牛肉米线,肉夹馍
肉粽,肉麦饼
牛肉米线,肉丝
葡萄柚,柚见百香
烤秋刀鱼,烤金针菇
烤秋刀鱼,碳烤鸡
羊肉粉,熟肉
烤秋刀鱼,烤黄瓜片
烤秋刀鱼,烤青椒
烤秋刀鱼,烤平菇
烤秋刀鱼,烤鸡腿
羊肉粉,加肉拉面
毛笋干,毛豆
荔枝肉,肉沫蒸蛋
荔枝肉,肉饭
肥肠饭,不含饭
荔枝肉,烧肉
荔枝肉,牛肉饭
荔枝肉,蒸肉饼
腊肉,炒黄牛肉
水龙头,沥水
水龙头,沥水篮
荔枝肉,肉片饭
温度计,保温杯
荔枝肉,糟肉
荔枝肉,酥肉
马桶刷,刷牙杯
剪刀,家用剪无
荔枝肉,咸肉
腊肉,肉丝跑蛋
_饭,排骨饭
肉肉,小鲜肉
腊肉,炒肉片饭
藤椒鸡,川椒
炒白_,蛋炒泡面
藤椒鸡,黑胡椒
咸柠,冻柠啡
熏鸡架,熏豆腐卷
西多士,芝士肠
鸡尾虾,烤鸡全翅
手抓羊肉,红烧牛肉
冷面夹,炸面筋
砂锅粥,干锅
砂锅粥,皖鱼粥
冷面夹,夹肠
冷面夹,烤面筋
冷面夹,夹鱼
冷面夹,面包片
卤水豆腐,水果玉米
脏脏,厚黑脏丸
汤圆,绿豆汤
炒花甲,五花肉
砂锅粥,青蟹粥
卤水豆腐,水晶包
炒花甲,蛋炒饭
砂锅粥,火锅
汤圆,罗宋汤
炒花甲,姜葱炒
香芋派,香辣对翅
床垫,马桶垫
汤圆,浓汤
炒花甲,炒油麦菜
菜团子,大碴子粥
辣椒酱,小米椒
汤圆,鸡汤面
炒花甲,脑花
炒花甲,花菜
炒花甲,烤五花肉
生饺子,生品
炒花甲,牛肉炒饭
肉加馍,牛肉刀
炒花甲,有机花菜
肉加馍,牛肉拌面
糯米鸡,玉米饺
糯米鸡,小米糕
蒸面,里面
纸尿裤,短裤型
纸尿裤,面巾纸
领红包,包含
纸尿裤,湿巾纸
纸尿裤,抽纸
纸尿裤,纸手帕
豆花鱼,鱼香茄子
腊八豆,腊肉
酸菜粉,杀猪菜
奶酪包,鲜奶杯
米粉汤,粗粉
葡萄干,榴莲干
花甲,五花肉
眉笔,铅笔
花甲,花菜
花甲,烤猪脑花
花甲,郡花
花甲,西兰花
酸辣汤,醪糟汤
花甲,菜花
花甲,有机菜花
花甲,有机花菜
花甲,西蓝花
花甲,炸花生
花甲,炒五花肉
酸辣汤,驴骨汤
牛腩,牛肉拌饭
奶提子,奶昔杯
电蚊香,蚊子
电蚊香,手电
电蚊香,南孚电池
烤鸡皮,炭烤
西兰花,花蛤
西兰花,桂花肠
抄手,蛋抄饭
西兰花,蛋花羹
西兰花,鱿鱼花
西兰花,炸花生米
西兰花,葱花跑蛋
烤鸡爪,炭烤
烤鸡皮,特色烤
西兰花,开花肠
红笔,笔记本
半只鸡,半壁江山
烤鸡皮,烤四季豆
腰花,有机菜花
粉肠粥,猪肝肠
乌骨鸡,肉骨茶
乌骨鸡,野鸡蛋
乌骨鸡,鸡精
乌骨鸡,鸡壳
油面,麻油
烤鸡爪,炭火烤
花甲米线,豆花
花甲米线,菌花
烤鸡爪,烤秋刀鱼
烤实蛋,烤五花肉
汽水,水蜜桃
烤鸡爪,烤青椒
烤鸭脖,烤鱿鱼
冰棍,下冰雹
三鲜豆皮,鲜鱼糊
烤鸡爪,特色烤
手枪腿,大腿
手枪腿,都是腿
鱼香茄子,红烧鲫鱼
鱼香茄子,咸鱼
鱼香茄子,水煮鱼
鱼香茄子,剁椒鱼头
鱼香茄子,鱼片饭
鱼香茄子,带鱼
鱼香茄子,跳水鱼
鱼香茄子,小鲫鱼
百香果,森林玫果
牛角包,牛奶
百香果,椰果奶茶
洁厕,洁柔
苹果线,针线盒
乌龙茶,布丁奶茶
鸡杂面,杂酱
烤虾,烤青椒
烤虾,烤针蘑
汤饺,羊肉汤
闲趣,甜趣清甜
汤饺,豆腐汤
冒脑花,青花椒
炸薯条,炸春卷
打卤面,发面饼
麻_,芝麻
蟹肉煲,翅尖煲
炸薯条,韩式炸鸡
橡皮,消皮刀
橡皮,双眼皮贴
蟹肉煲,鸡煲饭
大白兔,马大姐
擀面杖,面盆
牛肉米粉,夹肉饼
海蛎,上海青
汤泡饭,粉丝汤
西瓜切,小蜜切盒
西瓜切,洗净切盒
汤泡饭,豆腐汤
冰杨梅,冰糖葫芦
冰杨梅,老冰棍
汤泡饭,猪肚汤
盖饭,不含饭
咸肉菜饭,扎肉
烤扇贝,烤中翅
咸肉菜饭,走油肉
酸汤猪脚,豆腐汤
咸肉菜饭,肉套餐
烤扇贝,烤玉米
咸肉菜饭,饭爷
鸡腿饭,饭爵樟茶
炒牛肉,炒青菜
炸鸡排,炸绿石蛋
炒牛肉,炒木耳
牛肉包,鸡肉粥
炒牛肉,小炒鸡
水果捞,如果
烤全翅,烤五花肉
鸡腿饭,菜饭汤
水果捞,百果汇
泰匠,泰椰奶花
牛肉包,肉松饼
烤全翅,烤猪颈肉
耳机,耳朵勺
水果捞,不加水
纸抽,N抽
醋溜白菜,溜肝尖
棒骨,刺骨
水果捞,冰水
炸甩,炸石蛋
鸡腿饭,求抱大腿
洗面奶,黑面膜
洗面奶,洗洁精
米线,线人
洗面奶,洗衣液
米线,三线肉
洗面奶,洗衣皂
营养餐,餐盒
野山椒,椒盐
烤蚕蛹,烤土豆
电烤,烤馒头片
炒土豆丝,肉炒
花卷,咸豆花
花卷,肘花
炒土豆丝,蛋炒饭
樱花之恋,木鱼花
烤馕,烤牛肉肠
炒土豆丝,爆炒
炒土豆丝,炒牛肉
姜茶,茶走
姜茶,生姜撞奶
驴肉汤,紫菜汤
姜茶,茶奶盖
海鲜面,鲜蔬汤
卤水,卤香
粉刺针,散粉
酱脊骨,京酱肉丝
盐水鸭,卤水
盐水鸭,咸水
水果盒,如果
烤地瓜,特色烤梨
烤地瓜,烤鸡翅
肉包子,菜盒子
糖油,油条
烤地瓜,烤鱿鱼
珍珠奶茶,奶爸
珍珠奶茶,特色烤奶
肉包子,金包银
肉包子,驴肉火烧
炒米线,炒馕
兰花干,五花肉串
兰花干,腰花肠
海南鸡饭,冬菇鸡
炒饼丝,烧饼加蛋
雪梨汤,龙骨汤
肉包子,驴肉
肉包子,黑猪肉
玩具,食玩
提子,提拉米苏
鲁肉饭,三杯鸭饭
海南鸡饭,海鲜粥
海南鸡饭,海白螺
炸酱面,煎蛋面
红元帅,红提
猪油渣,猪爪
炸酱面,香面饼
珍珠奶茶,冰爽茶
珍珠奶茶,水晶珠
烤馒头,烤羊腰
烤馒头,烤翅尖
烤馒头,烤鸭胗
烤馒头,烤鱿鱼
烤馒头,烤蟹
珍珠奶茶,抹茶饼
水果玉米,丰水梨
水果玉米,整果
烤馒头,烤牛蛙腿
海鲜炒饭,过海
海鲜炒饭,鲜蔬汤
胶带,生料带
海鲜炒饭,海草
胶带,修鞋胶
珍珠奶茶,奶酪包
海鲜炒饭,朝鲜
鲁肉饭,五香肉卷
胶带,点胶
海鲜炒饭,海员
全羊汤,炒羊血
炒菜花,五花肉
海鲜炒饭,鲜果饮
双皮奶,奶爸
双皮奶,脆皮
辣子鸡饭,不带米饭
鲜虾,三鲜水饺
红毛丹,红心
双皮奶,凉皮
海瓜子,镜海
剁椒鱼头,青椒
海瓜子,海胆
大奶砖,大脚板
烤面包片,碳烤
烤面包片,烤鸡胗
赤豆元宵,豆腐脑
烤番薯,烤饼
剁椒鱼头,泡椒鸡盹
烤面包片,烤韭菜
剁椒鱼头,目鱼嘴
浆水面,面皮
烤面包片,烤虾丸
烤面包片,烤鱿鱼须
烤金针菇,烤鸡胗
浆水面,矿泉水
烤金针菇,烤牛板筋
烤面包片,烤鱿鱼爪
浆水面,在上面
烤金针菇,烤鸡皮
烤金针菇,烤鸡柳
烤翅,烤牛蛙
烤面包片,烤猪皮
烤面包片,碳烤鸡
剁椒鱼头,杭椒
菜包,素材包
椰子鸡汤,排骨汤饭
剁椒鱼头,青椒茄丝
剁椒鱼头,青椒肉丝
剁椒鱼头,椒仔鸡
七度空间,七匹狼
火锅面,砂锅
雪碧,雪梨
浓汤,鸡汤饭
鲜花配送,花好月圆
泡菜汤,汤和
芥末油,豉油
烤牛肉,烤干饼
烤牛肉,咖喱鸡肉
菠萝,胡萝卜
炒粉签,湿炒
水晶粉,蒸水蛋
水晶粉,水煮肉片
卤鸭腿饭,卤蛋
炒粉签,菠萝炒饭
肉丝炒饭,炒油渣
烤牛肉,烤鸡爪
拌墨斗,拌干豆腐
起士,瑞士
起士,富士山
火鸡面,面包干
起士,波士顿
红烧肉圆,肉丝
柠檬干,草莓干
草莓汁,苹果汁
羊小腿,小腰
大骨饭,骨气
炒麦面,肉丝炒饭
炒腰花,桂花糖藕
烤生蚝,烤鱿鱼身
肉酱意面,鸡肉饭
栀子花,花瓶
肉酱意面,鸡肉卷
牛蛙,牛仔骨
烤生蚝,烤猪皮
烤生蚝,烤干豆卷
豆腐花,桂花
豆腐花,桃花泪
牛蛙,牛鞭花
牛蛙,牛杂钵
照烧鸡,蒲烧
照烧鸡,烧汁
照烧鸡,叉烧
烤大蒜,烤馒头
烤大蒜,烤鱿鱼须
抹茶,茶花女
烤大蒜,烤蚕蛹
牛蛙,小牛排
牛蛙,雪花牛肉
烤大蒜,烤鸡皮
杂粮饼,肉饼
烤大蒜,烤牛肉串
烤生蚝,烤四季豆
烤生蚝,烤黄瓜片
牛蛙,烧牛肉
烤生蚝,炭烤羊
烤大蒜,烤饼
鸡窝,土鸡煲
烤大蒜,烤猪蹄
照烧鸡,碳烧
照烧鸡,北烧
烤生蚝,烤面包
烤生蚝,烤鸡腿
照烧鸡,烧烤肠
红烧肉,烧豆腐泡
响油鳝丝,蚝油
羊肉锅,压锅
粉蒸排骨,蒸水蛋
猪杂,牛杂汤
两荤两素,两份
红烧肉,烧土鸡
韩式辣酱,德式
韩式辣酱,韩剧
朝鲜,鲜族
朝鲜,海鲜
红烧肉,樱桃肉
女拖鞋,女袜子
干豆角蒸,蒸蛋
红烧肉,烧芸豆
鸭腿,卤鸡腿
馒头夹肉,肉圆
炸鸡腿,轰炸
烧肉,拼肉卷
渍菜粉,黑白菜
辣椒炒肉,炒豆角
辣椒炒肉,蛋炒饭
辣椒炒肉,炝炒油菜
炸鸡腿,炸馒头
面茶,茶叶蛋
面茶,茶蛋
炸鸡腿,炸石蛋
面茶,手擀面
面茶,炸酱面
葱油面,十面
红烧肉,茄子烧
炸鸡腿,炸鱼
红烧肉,烧鸭
白米饭,筒骨饭
葱油面,擀面皮
辣椒炒肉,泡椒
牛肉汤,汤粉
鸭腿,火腿肠
辣椒炒肉,烧椒
红烧肉,大白菜烧
辣椒炒肉,炒空心菜
牛肉汤,剃骨肉
土豆面,牛肉面
红烧肉,肉夹模
葱油面,油酥饼
红烧肉,青笋烧
客家菜,家乡
红烧肉,豆角烧
鳝丝面,虾爆鳝
葱油面,葱花蛋
葱油面,麻油
猪耳朵,木耳
麻辣粉,玉米粉
卤鸡翅,卤藕片
猪耳朵,云耳
猪耳朵,折耳根
炖罐,炖蛋
猪头皮,鸭头
炖罐,清炖
桌子,齿梳子
猫砂,猫零食
芝士,芝加哥
猫砂,成幼猫
芝士,瑞士
鱼头粥,虾粥
芝士,富士山
猫砂,猫狗碗
羊肉汤,烧饼加肉
盐水虾,水蒸蛋
羊肉汤,牛肉干饺
羊肉汤,茴香肉
拌饭,饭里多加
大海螺,海兔
拌饭,饭里哦
羊肉汤,焖子肉
蒸芋头,蒸腊鸭
烧鹅腿饭,鹅血
烧鹅腿饭,茄子饭
瘦身餐,套餐一
羊肉汤,饼夹肉
牛扒,牛人
羊肉汤,熏肉大饼
羊肉汤,葱爆羊脸
菲力牛排,小排骨拼
鸡肉饭,叉烧肉
冰激淋,冰杯
鱼子,玉子
冰激淋,冰雹
麻辣小面,糊辣壳
一次性碗,诚一
炒凉皮,炒手
鸡肉饭,牛肉酱
蛋白糖,杯子蛋糕
冰激淋,北冰洋
圆白菜,黄圆椒
牛乳,金牛角
鲍鱼汤,鱿鱼母
黄油,非油炸
冰咖啡,冰海盐
鲎_,_条汤
电热水袋,充电头
暖沙拉,暖冬
碴条,插条
花蛤,脑花
花蛤,牛鞭花
花蛤,蹄花
花蛤,有机花菜
花蛤,炸花生
花蛤,烤猪脑花
花蛤,炒五花肉
棒棒糖,棒冰
鸡米饭,鸡腿堡
肉夹馍,牛肉糁汤
牛黄喉,撒尿牛丸
烧骨粥,干蒸烧卖
鸡头,小鸡尖
肉夹馍,不加肉
洗发,发水
绿箩,绿航
鱼粥,生鱼
蒸饭,清蒸
肺子,酱扒茄子
肉汤,核桃肉
牛奶糖,酸奶
自慰,自动
地瓜片,南瓜子
洁厕灵,佳洁士
肉汤,熟牛肉
肉夹馍,里脊肉
焖肉面,肉丁
肉夹馍,肉丁面
焖肉面,肉包
肉夹馍,卤肉面
松花蛋,酱肘花
肉汤,牛肉刀
松花蛋,花卷
松花蛋,拌花菜
松花蛋,小花卷
油鸡,叉鸡饭
肉夹馍,牛肉粉
肉汤,五花肉炒
羊肉串,大羊宝
炖排骨,炖蛋
肉夹馍,肉酱面
牛骨,骨汤粉
羊肉串,馕坑肉
水饺,水汆丸子
水饺,水包蛋
油鸡,流油
羊肉串,每份三串
虾粥,杂锦粥
羊肉串,鸡脚筋串
咸鸭蛋,片皮鸭
咸鸭蛋,鸭头
羊肉串,十元五串
面筋,猪蹄筋
肉粽子,牛肉包
肉粽子,荠菜肉
垃圾袋,电暖袋
垃圾袋,热水袋
肉粽子,葱花肉
炒螃蟹,炒牛肉
羊肉串,每份五串
鳗鱼寿司,墨鱼仔
子姜,姜爆鸭
炸牛奶,香炸
炸牛奶,炸鸡柳
