gram_5小	1936
gram_永生花	2119
gram_厦	32
gram_中礼	668
gram_当	320
gram_90	1022
gram_09	855
gram_阿	760
gram_珠	1478
gram_物奶	325
gram_媚	907
gram_超市	1379
gram_花千束	981
gram_9玫	1176
gram_艾妮	1519
gram_饭	2171
gram_小猪佩	867
gram_花絮	1201
gram_与	574
gram_客	186
gram_漫	2140
gram_力蛋糕	1655
gram_馍	1181
gram_贵竹	2007
gram_泉	645
gram_北	1627
gram_辣	1924
gram_玫瑰礼	770
gram_勿	1876
gram_砂	293
gram_桥	1559
gram_胶	542
gram_一周	1278
gram_星巴	41
gram_抱抱桶	1626
gram_遇见	1349
gram_辣粉	832
gram_西	2174
gram_千束品	402
gram_激凌蛋	1035
gram_双层	864
gram_寿	2078
gram_w	1870
gram_睡	784
gram_念	1372
gram_爱维雅	1402
gram_好	1938
gram_欧曼鲜	1430
gram_情人	1106
gram_液	268
gram_仙踪	778
gram_白菊	249
gram_心相印	327
gram_榴	1803
gram_提花篮	1813
gram_烘	1005
gram_利来	472
gram_过	1060
gram_内	550
gram_爆	1946
gram_牌鲜	1882
gram_外	1657
gram_野兽派	450
gram_家鲜花	1579
gram_色	2179
gram_螺	1857
gram_瘦肉	640
gram_下	194
gram_圈	1741
gram_结	27
gram_皮兰	1213
gram_冠蛋	1461
gram_纳	1993
gram_花花篮	185
gram_co	1470
gram_999	1000
gram_牵	146
gram_外卖	1557
gram_哈	1312
gram_超级	238
gram_约鲜	99
gram_珍	1564
gram_烤	2010
gram_拉米苏	29
gram_is	902
gram_果蛋糕	1991
gram_单枝	1056
gram_探	758
gram_的花	554
gram_洋桔	1586
gram_红	2217
gram_批发	1209
gram_城花递	130
gram_9彩	1842
gram_麻	1889
gram_财	2172
gram_区	1784
gram_花水果	674
gram_非	485
gram_桌花	1693
gram_蛋糕房	794
gram_浪漫花	1018
gram_朝	431
gram_郁金香	1255
gram_排骨	456
gram_小雏	1621
gram_凌蛋糕	1098
gram_花时	844
gram_爱花	1686
gram_星空	209
gram_小蛋糕	1987
gram_西拾鲜	2081
gram_粉丝	1324
gram_媚娘	629
gram_ou	213
gram_ly	577
gram_灯	1487
gram_蛋黄	20
gram_油蛋糕	1551
gram_批	1216
gram_瑰之约	316
gram_凉	1754
gram_槟	2077
gram_香花	225
gram_花一	1218
gram_印	1271
gram_哆啦a	140
gram_米阳光	201
gram_珍珠蛋	494
gram_花单	1675
gram_非洲	97
gram_办	747
gram_春	1727
gram_林	1760
gram_手捧花	2001
gram_花带花	193
gram_520	1124
gram_好想	583
gram_朵鲜花	1682
gram_絮	1162
gram_时光	1599
gram_蝴蝶	1797
gram_散	501
gram_川	392
gram_翅	581
gram_梅	1077
gram_壶	1223
gram_9	2235
gram_花艺	2214
gram_荔枝	999
gram_乒乓	1417
gram_米拉蛋	731
gram_花鲜花	886
gram_曼	1790
gram_萝	2212
gram_卷	1494
gram_鸭脖	614
gram_里	1887
gram_花篮	2280
gram_实体鲜	1529
gram_抱抱	1719
gram_乓	1426
gram_一点	891
gram_初见	1140
gram_怡	103
gram_l	2113
gram_周	1952
gram_炸串	916
gram_25小	1939
gram_千语	56
gram_实	1531
gram_格	937
gram_情	2101
gram_芒	809
gram_温	759
gram_鸟	1088
gram_列罗	1748
gram_箩	1896
gram_向	2233
gram_花蛋糕	1826
gram_瑰单支	924
gram_想你	917
gram_心蛋	518
gram_蜜语	259
gram_激	2086
gram_岛	124
gram_花盒	1251
gram_丁	384
gram_瓶	2221
gram_力花	1130
gram_脖	683
gram_支	2130
gram_霞	565
gram_的	1923
gram_讲台	47
gram_花花瓶	49
gram_麻将蛋	139
gram_幸福蛋	804
gram_花定	113
gram_堂鲜花	621
gram_递	2025
gram_叶	1080
gram_抹	1448
gram_喜	1731
gram_火	1909
gram_章	766
gram_花巧	603
gram_血粉	792
gram_18	944
gram_王子	36
gram_东	1615
gram_猪佩	823
gram_简	1451
gram_馨	2248
gram_7	1996
gram_水果花	1472
gram_饿了么	447
gram_绿色	1382
gram_支花束	162
gram_ss	860
gram_多肉	2063
gram_动	1089
gram_日气	1482
gram_6朵	982
gram_生花	2131
gram_onl	199
gram_小蛋	1988
gram_莫	208
gram_花开业	59
gram_酸辣	1057
gram_虎皮兰	1230
gram_波	1413
gram_广场	1308
gram_挂	503
gram_茶蛋糕	1063
gram_铜钱	417
gram_一朵	1370
gram_瓜	1533
gram_肉植	1244
gram_莲蛋糕	241
gram_之语	33
gram_欧式花	337
gram_樱	845
gram_纪念	38
gram_南花	815
gram_红包	368
gram_腿	927
gram_快	2021
gram_老妈	442
gram_xia	176
gram_小食	500
gram_璃	519
gram_一网	1669
gram_诺	894
gram_往	370
gram_唯一	1226
gram_虹蛋	181
gram_林蛋	782
gram_瑰单	972
gram_洪	61
gram_51	262
gram_色玫	1239
gram_我的	366
gram_美鲜花	1680
gram_初心	1711
gram_黑森林	1411
gram_肉夹	626
gram_家用	1309
gram_p	1290
gram_雪山	713
gram_美好	196
gram_粉色	1434
gram_求婚	861
gram_假	1596
gram_忘	1919
gram_漫花	1073
gram_木	1724
gram_玫瑰园	708
gram_先花	1259
gram_一	2240
gram_花使	428
gram_家蛋糕	17
gram_见鲜	1052
gram_生日花	1891
gram_免配送	910
gram_干花	2111
gram_芙巧	243
gram_鸡公煲	421
gram_金鱼	23
gram_恋	1868
gram_槟玫瑰	1942
gram_漫鲜	2094
gram_3	2033
gram_ni寻	1419
gram_新鲜速	589
gram_一帆	451
gram_果沙拉	253
gram_果	2260
gram_只	1834
gram_美人	126
gram_生日	2274
gram_月	2002
gram_笼	289
gram_开张	670
gram_紫荆鲜	39
gram_信封	913
gram_心相	328
gram_品花艺	1078
gram_字	651
gram_安	1913
gram_米线	1687
gram_爱久	1485
gram_蓝玫	187
gram_定	1709
gram_烤冷面	762
gram_花圈	1651
gram_生日鲜	1980
gram_汽球花	1582
gram_薰	818
gram_鲜花带	256
gram_鲜花小	71
gram_星	2255
gram_堂	1377
gram_i寻	1506
gram_萨	323
gram_奶	2148
gram_鱼小丸	349
gram_蔬	1297
gram_果沙	164
gram_烛	1969
gram_世家	445
gram_充	37
gram_mi	1793
gram_合	2249
gram_一周一	961
gram_避	654
gram_拉米	1356
gram_搭	1082
gram_订花	969
gram_盒	2246
gram_度	1355
gram_果子	512
gram_饰	1304
gram_红玫瑰	2064
gram_鑫	278
gram_蛋糕预	669
gram_林蛋糕	780
gram_鼠鲜	1135
gram_了	1190
gram_佳琳鲜	1115
gram_心鲜花	1545
gram_鸡腿	507
gram_具	65
gram_花舍	142
gram_芬芳	73
gram_礼炮	943
gram_汇	1203
gram_小花	2026
gram_诚花	1770
gram_花花卉	114
gram_凑	45
gram_花满	1132
gram_仙	1982
gram_戴安	412
gram_好时光	676
gram_后	165
gram_创意蛋	1037
gram_14	905
gram_森林蛋	767
gram_式	2095
gram_棒棒	1283
gram_盆景	1712
gram_福西	1295
gram_日葵花	1045
gram_花瓣	1734
gram_武	261
gram_玩	1142
gram_贝	989
gram_定制	848
gram_金钱树	604
gram_雅鲜花	1452
gram_公室	248
gram_年	1552
gram_瑰假	389
gram_香槟玫	1941
gram_蜡烛	1951
gram_萌	814
gram_唯爱	948
gram_动物	592
gram_假花	1296
gram_小南国	460
gram_尤	1085
gram_洋桔梗	1583
gram_花园	1916
gram_日料	1630
gram_拌饭	1424
gram_娘	1740
gram_加利	928
gram_奶牛	339
gram_皮	2006
gram_球	2243
gram_艺鲜	1892
gram_球花	1960
gram_开	2273
gram_仙踪鲜	687
gram_月饼	1249
gram_扬	82
gram_原	533
gram_6寸	1179
gram_11朵	737
gram_露	230
gram_葵鲜花	315
gram_玻璃	538
gram_粉世	300
gram_园新鲜	520
gram_一鲜花	1148
gram_糕	2286
gram_洲	353
gram_进口	1001
gram_卉	2158
gram_d	1779
gram_一网情	1647
gram_安娜	530
gram_owe	1755
gram_浪	2122
gram_鲜花配	1600
gram_爆浆	1744
gram_花主花	1317
gram_配	1901
gram_瘦肉丸	85
gram_小龙虾	26
gram_fl	1796
gram_131	790
gram_零食	635
gram_园鲜花	598
gram_板面	212
gram_明	1691
gram_生日蛋	2264
gram_百合花	2189
gram_袋	1229
gram_全诚	1732
gram_坊鲜	1640
gram_零	1199
gram_粉玫	1829
gram_se	1188
gram_缘美鲜	617
gram_办公室	216
gram_幸福树	1020
gram_斯鲜	1771
gram_童	1601
gram_空	1327
gram_hua	1366
gram_附近	1504
gram_张	1143
gram_椰子	1246
gram_平度	514
gram_li	732
gram_沙拉	1354
gram_萄	6
gram_转	716
gram_爱维	1388
gram_情深鲜	1624
gram_利	2027
gram_之	2091
gram_色桔	817
gram_天通苑	1276
gram_花语	1409
gram_轻	727
gram_帆风顺	453
gram_螃	785
gram_虾	1602
gram_粉玫瑰	1832
gram_白	2154
gram_取	1205
gram_冷	1474
gram_小狗蛋	1033
gram_朵花	1141
gram_鹿	1516
gram_玉	1302
gram_药	1481
gram_意花	825
gram_an	1589
gram_爱	2218
gram_煲仔	1336
gram_陌	480
gram_花艺馆	1240
gram_抱	2012
gram_克力花	1128
gram_斯鲜花	1768
gram_点	2108
gram_拉	2038
gram_哈尔	43
gram_唯漫鲜	865
gram_i	2135
gram_鸭	2011
gram_礼物	2163
gram_抖音	1113
gram_妖	2125
gram_咖	2169
gram_花批发	821
gram_花为	478
gram_吊	1736
gram_in	1804
gram_饼	2150
gram_10	1235
gram_在	88
gram_盖	1326
gram_县	1086
gram_时鲜	1957
gram_康	2242
gram_奥	1111
gram_栀	1392
gram_青	1639
gram_野兽先	1083
gram_花篮网	1569
gram_混	850
gram_比	1527
gram_亦	458
gram_汉	1328
gram_黄玫	1410
gram_无	1136
gram_三脚架	876
gram_近鲜	890
gram_费	1921
gram_夹	793
gram_文	1149
gram_铁	627
gram_饿	849
gram_酸菜	335
gram_粉百合	338
gram_瑰鲜花	347
gram_0	2136
gram_鱼小	341
gram_瑰花	2262
gram_芙	1570
gram_车	1165
gram_玫瑰单	995
gram_氦气	697
gram_到店	217
gram_巴	1584
gram_三生	284
gram_小丸子	566
gram_ian	826
gram_伊帆	1330
gram_事	1123
gram_草莓花	1785
gram_网红蛋	1261
gram_电	1303
gram_漫花屋	634
gram_蝶兰	1781
gram_达	1835
gram_炒饭	915
gram_南	1879
gram_娃	931
gram_蛋糕	2284
gram_妮姌鲜	1195
gram_淇	2186
gram_z	652
gram_野仙	746
gram_礼盒	2230
gram_篮网红	1568
gram_速递	1443
gram_花之语	54
gram_水果捞	1399
gram_谷	1044
gram_家居鲜	1040
gram_花之	1898
gram_s	2066
gram_店	2283
gram_桔	2053
gram_花包	773
gram_预定	892
gram_ee	263
gram_南花开	257
gram_发光气	331
gram_花蛋	1827
gram_单支玫	1575
gram_京	1159
gram_狗狗	344
gram_韩	2175
gram_梗	2060
gram_式花篮	933
gram_捧	2036
gram_沪	21
gram_每周	1607
gram_八彩鲜	1121
gram_千寻	288
gram_满天	2251
gram_利来蛋	281
gram_景	1838
gram_椰	1318
gram_缘鲜	1514
gram_二	1129
gram_遇	1758
gram_雏	1978
gram_将蛋	141
gram_之恋	552
gram_榴莲	1759
gram_面	2222
gram_香槟	2067
gram_城	2018
gram_牵手	72
gram_火锅	1454
gram_e	2155
gram_油	2042
gram_牌	1918
gram_欧	1869
gram_品店	1207
gram_花房姑	786
gram_hu	1471
gram_工作室	947
gram_花配送	1546
gram_婆	471
gram_饮料	694
gram_古	936
gram_艾妮姌	1398
gram_芍药	807
gram_教师节	2049
gram_苏	1345
gram_鲜速	688
gram_签到	2013
gram_ar	134
gram_小南	425
gram_往情深	414
gram_哥	270
gram_斯蛋糕	1722
gram_象	685
gram_千	2102
gram_anh	107
gram_爱丽	1192
gram_肉片	215
gram_9朵	2059
gram_豆花	2157
gram_招财	549
gram_ey	246
gram_作	1067
gram_乒	1422
gram_?	4
gram_桔梗花	232
gram_特价	631
gram_花絮鲜	1054
gram_焖鸡	1017
gram_套	1265
gram_汽球	1573
gram_屋	1721
gram_x	437
gram_ov	86
gram_红掌	618
gram_食	1931
gram_富贵	2017
gram_南国	509
gram_烤肉拌	829
gram_花快	1864
gram_包饭	1221
gram_爱丽丝	1194
gram_拾	2120
gram_合鲜花	1058
gram_双层蛋	489
gram_9朵玫	1885
gram_彩虹蛋	267
gram_鲜花百	698
gram_亲	619
gram_吉大	1110
gram_ro	586
gram_玻	560
gram_培	965
gram_米拉	1453
gram_排	1733
gram_花康	839
gram_花创	564
gram_手抓	1157
gram_一天	835
gram_雪媚	677
gram_淇淋	2182
gram_园花店	169
gram_包装纸	956
gram_富贵竹	2003
gram_肠粉	558
gram_儿童	1513
gram_彩鲜	1743
gram_炒面	287
gram_万年	2
gram_那	1273
gram_士	1539
gram_菠萝	34
gram_21	80
gram_你	1953
gram_近	1603
gram_欧曼	1515
gram_茶	2110
gram_小雏菊	1617
gram_寿司	1920
gram_活馆	495
gram_鼎卉	2070
gram_福	2099
gram_帆鲜	1160
gram_桔梗	2048
gram_g	1577
gram_饮	1489
gram_喵	355
gram_篮网	1567
gram_花生	1408
gram_九	1344
gram_一束	1509
gram_奇蛋	105
gram_缘花	1032
gram_ea	179
gram_曼鲜	1493
gram_宝	1517
gram_用	1703
gram_公	1900
gram_乡	838
gram_琳鲜	1294
gram_如	1429
gram_抓饼	1158
gram_一朵鲜	154
gram_果篮	2144
gram_莲千层	909
gram_条	1729
gram_ake	938
gram_吴	556
gram_支玫瑰	1665
gram_提	2029
gram_红蛋	1288
gram_芋圆	1104
gram_帆鲜花	1147
gram_羊	1609
gram_瑰鲜	329
gram_油蛋	1543
gram_西拾	2104
gram_恋鲜花	796
gram_豆腐	709
gram_we	1799
gram_面包店	726
gram_自取	1219
gram_勿忘	1875
gram_花到	89
gram_寻	1695
gram_海鲜	1119
gram_a	2147
gram_罗	1908
gram_氢	754
gram_花教	446
gram_真爱花	997
gram_系	856
gram_爆米	722
gram_4寸蛋	381
gram_角	1492
gram_吃	748
gram_卡通	772
gram_蔷	502
gram_兰花	1169
gram_章鱼	695
gram_野仙踪	744
gram_鲜花创	541
gram_荷	1094
gram_友	1227
gram_季鲜	151
gram_物奶油	359
gram_野兽	1566
gram_踪鲜花	705
gram_进	1053
gram_维雅鲜	1406
gram_8	2014
gram_好多	273
gram_小	2256
gram_早餐	1234
gram_七彩花	78
gram_爱慕鲜	1592
gram_lov	46
gram_物	2209
gram_米花	745
gram_菜鱼	272
gram_孕套	393
gram_白鹿	52
gram_支花	1438
gram_狗蛋	1700
gram_好多肉	298
gram_音	1442
gram_美鲜	1671
gram_点点	274
gram_提花	1873
gram_绿植	2198
gram_慕鲜花	1585
gram_9彩生	1841
gram_正	455
gram_新店	2133
gram_慕	1973
gram_栽	2225
gram_苹	1578
gram_花婚	801
gram_火鸡面	774
gram_甲	1414
gram_韩式	1966
gram_柳	373
gram_蓝	2183
gram_花之苑	1445
gram_门鲜花	557
gram_lo	1922
gram_un	597
gram_头百合	433
gram_久久	1501
gram_19	706
gram_夜	595
gram_果千层	51
gram_果店	1038
gram_k	2057
gram_公仔	1289
gram_红酒	14
gram_可	1800
gram_世	1668
gram_州	1628
gram_超	1662
gram_求	819
gram_美	2129
gram_虎皮	1335
gram_业花篮	2268
gram_黄焖鸡	1041
gram_切	290
gram_花花	1964
gram_胸花	1511
gram_发	2178
gram_皇	1536
gram_乔迁	690
gram_日快乐	908
gram_记	1532
gram_芳	2034
gram_ni	1466
gram_花卉	1959
gram_员	1359
gram_干鲜	74
gram_素	7
gram_诗	526
gram_依然品	1821
gram_25	1940
gram_只酸奶	229
gram_西瓜	1051
gram_层蛋	1649
gram_级	411
gram_小盆	1505
gram_汉堡	1125
gram_星巴克	84
gram_花有	682
gram_52	1538
gram_麻辣	1508
gram_水果礼	901
gram_er	1801
gram_情趣	150
gram_粉	2234
gram_afl	1460
gram_妖姬	2123
gram_夏	798
gram_骨	1440
gram_居家鲜	207
gram_浆蛋糕	1614
gram_来	1633
gram_费列	1745
gram_果礼	949
gram_麦	1544
gram_k蛋	1171
gram_杯	675
gram_肉汤	625
gram_白气	351
gram_列	1767
gram_云	1299
gram_花坊	2180
gram_气球	2206
gram_鮮	973
gram_花香	307
gram_兽先	1055
gram_蒸	1433
gram_居鲜花	1138
gram_女	1374
gram_丝	1989
gram_ik	641
gram_幸福西	1319
gram_拾鲜花	2085
gram_花时间	377
gram_帆风	418
gram_思	1464
gram_品袋	463
gram_跳舞兰	1726
gram_e鲜花	673
gram_干花满	118
gram_一支	528
gram_螺蛳	1450
gram_花康乃	872
gram_子花艺	205
gram_min	1486
gram_海	1979
gram_絮鲜花	1059
gram_隆	413
gram_熊花	1427
gram_典	465
gram_粉百	380
gram_鼠	1425
gram_品牌	1906
gram_甜	2138
gram_寿桃	1333
gram_姌鲜花	1200
gram_钟爱	1384
gram_鸭血	808
gram_件	108
gram_珍珠	1480
gram_寸	1986
gram_晨	531
gram_鲜花使	404
gram_酸奶	1594
gram_门	1642
gram_家居	1746
gram_衣	679
gram_节鲜	1699
gram_5小时	1934
gram_314	691
gram_一帆风	444
gram_童生	234
gram_使者	493
gram_平	1618
gram_莓	2040
gram_莓花束	1595
gram_过桥	540
gram_on	1072
gram_日鲜	1984
gram_滨	799
gram_蓝色妖	2117
gram_力水	1817
gram_饭团	470
gram_婚	1861
gram_朵美鲜	1145
gram_章鱼小	388
gram_新鲜	1325
gram_富	2052
gram_芋	1548
gram_百	2253
gram_石	1625
gram_牛	2015
gram_果花	1632
gram_千层蛋	1342
gram_糕鲜	1257
gram_尚花艺	426
gram_都市	822
gram_果千	76
gram_晋	3
gram_吧	100
gram_土豆	749
gram_儿童蛋	743
gram_庄	846
gram_久	1912
gram_绿野仙	725
gram_水果店	885
gram_o	2153
gram_a梦	594
gram_居花	1046
gram_便	1172
gram_创	1852
gram_速	1535
gram_小丸	580
gram_酒	1593
gram_冰激	2083
gram_馨赏家	1025
gram_光气球	401
gram_邻	803
gram_蛋糕生	729
gram_乃馨	2238
gram_三脚	940
gram_flo	1798
gram_冰淇淋	2181
gram_波鲜花	297
gram_人鲜花	44
gram_花店	2282
gram_我	2019
gram_色妖	2116
gram_桌	1757
gram_水百	1457
gram_力蛋	1663
gram_芭比	899
gram_一鲜	1156
gram_4	1840
gram_66朵	945
gram_寻梦	1502
gram_肉植物	1247
gram_真爱	1167
gram_缘鲜花	1523
gram_师	2080
gram_花巧克	569
gram_淋蛋糕	1272
gram_卡片	529
gram_面条	660
gram_小猪	1013
gram_德芙	649
gram_纱	53
gram_螺蛳粉	1431
gram_锅	1917
gram_佩奇蛋	143
gram_免配	918
gram_到	2141
gram_玫瑰	2276
gram_秋	624
gram_辉	204
gram_xi	473
gram_33	1293
gram_丽	1713
gram_t	1791
gram_诚	1823
gram_预	1558
gram_双	1395
gram_鸡翅	487
gram_恋花	547
gram_克	2202
gram_港	1677
gram_蛋灌饼	294
gram_营	992
gram_玫瑰假	299
gram_大吉大	1107
gram_八彩	1241
gram_蔷薇	510
gram_花鲜	1062
gram_花房	1233
gram_欣	535
gram_季花	161
gram_奶茶	1814
gram_坊鲜花	1645
gram_爱慕	1718
gram_家居花	1011
gram_熊花束	1191
gram_自	1547
gram_开业花	2269
gram_香	2203
gram_江	1641
gram_纪	1069
gram_粉世家	305
gram_捞	1385
gram_贺	1580
gram_花99	1314
gram_莲千	932
gram_有间	358
gram_全城	568
gram_9玫瑰	1152
gram_羊肉	987
gram_鲜花坊	2087
gram_咖啡	2168
gram_缘美	869
gram_葡	67
gram_忆	979
gram_灌	1006
gram_轩	111
gram_蛋糕鲜	1266
gram_花馆	211
gram_日	2279
gram_日葵鲜	385
gram_加	1708
gram_糕鲜花	1270
gram_鲜奶	432
gram_糕生	718
gram_经	91
gram_快乐	1357
gram_主花艺	1394
gram_先生	1565
gram_玛	505
gram_品花	1300
gram_甲粉	346
gram_一往	336
gram_鲜花	2287
gram_见鲜花	1079
gram_瑰礼盒	707
gram_尼	816
gram_百合鲜	1084
gram_鲜速递	791
gram_y	1881
gram_花花店	28
gram_克力	2191
gram_堡	1243
gram_力	2194
gram_拌	1688
gram_煲仔饭	1334
gram_kk	1161
gram_坊	2197
gram_喷壶	842
gram_每	1856
gram_糖	2054
gram_oco	156
gram_炸	2005
gram_兽	1608
gram_花道	398
gram_葵花	1014
gram_季鲜花	35
gram_氢气	733
gram_马卡龙	1173
gram_串	1751
gram_桃花	664
gram_日快	893
gram_猪脚	663
gram_工	1484
gram_瓣	1738
gram_米拉米	689
gram_团	1175
gram_一花	1780
gram_花批	802
gram_卡龙	1185
gram_絮鲜	1090
gram_花缘美	805
gram_韩国	2089
gram_焖	1315
gram_莉	736
gram_糕房	874
gram_鲜	2288
gram_朵玫	2043
gram_鸡公	490
gram_彩	2139
gram_只酸	245
gram_室	1572
gram_生	2275
gram_荆	280
gram_幸福	1977
gram_钱草	600
gram_花礼盒	2201
gram_面包	2137
gram_有	1658
gram_哆	642
gram_he	1204
gram_花千语	75
gram_紫	1650
gram_色桔梗	834
gram_盆	2244
gram_绿箩	1897
gram_会员	1348
gram_一品	1068
gram_h	1956
gram_场	1597
gram_天星	2252
gram_多肉植	1250
gram_花西	2109
gram_ua7	396
gram_好利来	152
gram_臭	94
gram_nh	12
gram_新	2177
gram_财树	2164
gram_煮	1588
gram_e鲜	764
gram_龙	1911
gram_亭	966
gram_慕鲜	1587
gram_力水果	1822
gram_low	1782
gram_花花束	962
gram_一生	170
gram_依然	1824
gram_氦	711
gram_百合	2247
gram_脏	406
gram_黑玫瑰	171
gram_铜	436
gram_酸菜鱼	277
gram_ia	934
gram_好时	881
gram_创意	1788
gram_玫	2278
gram_家庭	1024
gram_维纳斯	1968
gram_雪	2035
gram_风顺	439
gram_品	2219
gram_舍	1105
gram_ow	1783
gram_小花束	1972
gram_纳斯	1971
gram_芦荟	974
gram_放	841
gram_糕生日	779
gram_一米	168
gram_世界	513
gram_葡萄	145
gram_作室	960
gram_黎	920
gram_鱼	2055
gram_生鲜	1512
gram_甜品	1975
gram_一往情	409
gram_52朵	16
gram_虹	1459
gram_瑰花9	553
gram_kk蛋	1155
gram_名花	30
gram_星花	1455
gram_布	438
gram_氏	279
gram_艺鲜花	1890
gram_仙草	9
gram_u	1961
gram_001	964
gram_单支花	1292
gram_营养	522
gram_丝粉	658
gram_基	562
gram_混搭	537
gram_朵玫瑰	2044
gram_抹茶蛋	720
gram_鲜花一	313
gram_送	2098
gram_菊花	2039
gram_f	1910
gram_奇	1465
gram_恋鲜	813
gram_蛳粉	1421
gram_童蛋糕	789
gram_5	2146
gram_生活馆	457
gram_ne	476
gram_四	1871
gram_点心	231
gram_a7	343
gram_99玫	1193
gram_煎饼	1590
gram_赏家	1034
gram_雨	1321
gram_莲蛋	220
gram_上花	847
gram_花单支	202
gram_迁	721
gram_情缘	797
gram_情深	1794
gram_煎饼果	302
gram_单支	2096
gram_原野	117
gram_寸蛋	1684
gram_水百合	1456
gram_办公	692
gram_冰激凌	2073
gram_层	1925
gram_一只酸	276
gram_24	930
gram_栀子	1400
gram_之约	362
gram_蒂	303
gram_四季	1610
gram_芒果	840
gram_礼花	672
gram_时尚	135
gram_螺丝粉	615
gram_耳	224
gram_钱	1563
gram_光气	382
gram_水	2258
gram_太	1507
gram_ke鲜	60
gram_泡芙	585
gram_园新	602
gram_田	1773
gram_鲜花9	275
gram_派	1510
gram_西饼生	985
gram_大	2162
gram_师节花	410
gram_妮依	1833
gram_狗蛋糕	1707
gram_兽先生	1071
gram_世纪	79
gram_块	622
gram_时	2134
gram_沙皮	10
gram_果园	655
gram_毛	352
gram_司	1962
gram_大利	1383
gram_花9	1320
gram_丸子	1061
gram_吊兰	1725
gram_包子	1540
gram_nhu	112
gram_鲜花蛋	1809
gram_四寸蛋	258
gram_爱尚	1133
gram_一束鲜	1092
gram_金香	1267
gram_只鲜花	242
gram_吉大利	1127
gram_糖果	1526
gram_土	1369
gram_雪媚娘	650
gram_巾	555
gram_16	109
gram_花仙	198
gram_先生鲜	1026
gram_罗巧	950
gram_美丽	504
gram_尚品	1224
gram_拉米拉	701
gram_卤	1360
gram_动物奶	416
gram_阳	2041
gram_er鲜	1415
gram_太阳花	636
gram_花鼠鲜	1012
gram_舞	1737
gram_茉	318
gram_虹蛋糕	269
gram_猪脚饭	395
gram_拾鲜	2084
gram_四季鲜	127
gram_黄焖	1036
gram_掌	1648
gram_元	607
gram_附	1496
gram_eon	195
gram_中心	443
gram_八	1704
gram_迷	1656
gram_葵	2227
gram_福西饼	1311
gram_花百合	755
gram_表	753
gram_姐	1228
gram_童蛋	775
gram_饼果	360
gram_漫鲜花	2093
gram_日气球	1468
gram_包店	763
gram_子花	1694
gram_冷面	1126
gram_拉蛋糕	738
gram_da	251
gram_冠蛋糕	1469
gram_烟	2082
gram_果花束	1220
gram_瑰花园	730
gram_先花店	1211
gram_康乃馨	2237
gram_洛	955
gram_桶	1905
gram_乒乓菊	988
gram_初见鲜	521
gram_酪	311
gram_煎	1851
gram_业	2272
gram_2朵	128
gram_房姑娘	686
gram_q	1108
gram_戴安娜	309
gram_手抓饼	1180
gram_师节	2050
gram_手提	1927
gram_花鼠	1248
gram_ose	563
gram_我鲜花	483
gram_德	1692
gram_蜜	1701
gram_巧克	2193
gram_今	81
gram_苑鲜花	1710
gram_佳	1792
gram_致	666
gram_b	1103
gram_年青	137
gram_lik	630
gram_31	870
gram_奇蛋糕	18
gram_炒粉	22
gram_朵	2211
gram_品质	800
gram_送花	1323
gram_冠	1598
gram_子蛋	1146
gram_克力水	1816
gram_肉拌饭	877
gram_仙人	1561
gram_配送费	993
gram_兔	1163
gram_时鲜花	1949
gram_星花束	750
gram_啡	2167
gram_莲花	87
gram_气	2213
gram_提拉米	306
gram_花快到	1863
gram_蜡	1954
gram_日蛋	2266
gram_爱花店	1258
gram_装纸	1009
gram_樱木	55
gram_天通	1253
gram_桃李	173
gram_支玫	1660
gram_彩鲜花	1749
gram_式鲜	390
gram_航	342
gram_教师	2047
gram_油炸	252
gram_踪	704
gram_都	1611
gram_百果园	332
gram_花递	1853
gram_i寻梦	1500
gram_eo	191
gram_煲	1775
gram_铜钱草	397
gram_黑	1930
gram_一只	481
gram_炒	1932
gram_花园新	516
gram_葵鲜	400
gram_将蛋糕	136
gram_幸	2022
gram_卉鲜	1997
gram_金	2072
gram_特	1476
gram_顺	1490
gram_为	1048
gram_雏菊	1981
gram_寻梦鲜	1499
gram_螃蟹	724
gram_王	1604
gram_装盒	515
gram_ros	573
gram_礼品	2079
gram_有间花	286
gram_20	1166
gram_绣球花	1635
gram_梦鲜花	1524
gram_活	1401
gram_浆蛋	1612
gram_家花	1341
gram_单支鲜	1286
gram_生日气	1475
gram_签	2061
gram_圆	1678
gram_同	591
gram_李	1151
gram_one	63
gram_意蛋	1066
gram_西饼	1393
gram_品豆花	853
gram_暖	1343
gram_sh	324
gram_花田	898
gram_花速递	702
gram_北京	643
gram_不	647
gram_花百	717
gram_信	1256
gram_盘	1117
gram_马	1735
gram_米阳	292
gram_肉	2199
gram_姌	1412
gram_彩虹	862
gram_胸	1556
gram_盆栽	2226
gram_凉皮	1263
gram_头	1807
gram_焙	527
gram_手工	157
gram_梦鲜	1541
gram_合鲜	1099
gram_配送	1837
gram_ang	365
gram_809	854
gram_质	827
gram_香水百	1449
gram_绣球	2045
gram_西安	295
gram_瑰之	703
gram_花家	1087
gram_深	1865
gram_花熊	434
gram_紫荆	247
gram_佳琳	1298
gram_舞兰	1717
gram_日花	1907
gram_饿了	468
gram_巧克力	2192
gram_腐	954
gram_烤肉	1305
gram_百果	354
gram_黄	1965
gram_玫瑰之	741
gram_五	859
gram_花家用	484
gram_区鲜	372
gram_瘦	678
gram_蓝玫瑰	265
gram_彩花	227
gram_子	2204
gram_贺卡	1560
gram_结婚	123
gram_高	1198
gram_鲜花店	2267
gram_森	1622
gram_教	2051
gram_乐	1928
gram_单	2156
gram_阳光	1378
gram_仔	1844
gram_色玫瑰	1236
gram_讲	148
gram_彩生	1850
gram_主花	1396
gram_初心鲜	1503
gram_长	1446
gram_朵鲜	1683
gram_福蛋糕	1109
gram_礼品袋	492
gram_将	1076
gram_n	2106
gram_雅鲜	1441
gram_方	1371
gram_爱尚鲜	371
gram_嘉	648
gram_台	1765
gram_包月	1074
gram_龙虾	1281
gram_束花	610
gram_花屋	1488
gram_街	1351
gram_伊	1854
gram_花盆栽	646
gram_皇冠	1418
gram_黄玫瑰	1423
gram_俪	92
gram_精	1766
gram_刀	129
gram_相思	986
gram_花甲	1131
gram_果茶	304
gram_满	2254
gram_蝴	1805
gram_卉鲜花	1992
gram_偶	665
gram_水果蛋	1958
gram_鲜花单	957
gram_阳鲜花	599
gram_花瓶	2216
gram_椒	570
gram_诚花递	1774
gram_白气球	308
gram_野	1894
gram_多头	424
gram_凌	2088
gram_r鲜花	1428
gram_之苑	1439
gram_宜	1114
gram_士蛋	895
gram_蛳	1447
gram_爱鲜花	1672
gram_板	1242
gram_乒乓球	367
gram_曼鲜花	1495
gram_酸	1915
gram_馆	1831
gram_罗巧克	976
gram_爱之	255
gram_伊帆鲜	1164
gram_泽	138
gram_孕	952
gram_ke	1491
gram_榴莲蛋	296
gram_8寸	467
gram_病	1154
gram_coc	174
gram_氢气球	662
gram_莲	2023
gram_栀子花	1397
gram_鼎	2090
gram_童生日	182
gram_090	806
gram_语鲜	1118
gram_白玫	1998
gram_豆	2190
gram_人	2107
gram_费列罗	1752
gram_美好时	260
gram_肉饭	632
gram_两	121
gram_花艺鲜	1848
gram_粥	1761
gram_三	1995
gram_我鲜	488
gram_和	1462
gram_奶油	1845
gram_饺	1008
gram_ve	15
gram_爆米花	735
gram_筒	887
gram_人花	166
gram_戴	900
gram_精品	1277
gram_日蛋糕	2265
gram_王花	206
gram_草莓	2030
gram_咸	462
gram_瑞	765
gram_工作	1003
gram_日礼物	2056
gram_佩	951
gram_鲜花家	659
gram_中	1806
gram_装饰	525
gram_朵朵鲜	1520
gram_nl	240
gram_白色	833
gram_源	1075
gram_水培	588
gram_巴克	1
gram_沙	1883
gram_66	1458
gram_钟爱鲜	1268
gram_水煮	868
gram_常	496
gram_庭	1120
gram_糕点	1373
gram_避孕套	376
gram_季	1689
gram_城南	326
gram_米粉	539
gram_花水	1050
gram_干	2149
gram_望	379
gram_维	2112
gram_缘	2074
gram_荆鲜	8
gram_香薰	25
gram_使	543
gram_大吉	1652
gram_鲜花花	1720
gram_田园	184
gram_饼果子	321
gram_体	1631
gram_抓	1150
gram_招财树	271
gram_猫	1202
gram_花西拾	2105
gram_绣	2058
gram_栖	235
gram_韩式鲜	405
gram_肉丸	391
gram_兴	1096
gram_相	1789
gram_泰	1206
gram_好想你	517
gram_杂	70
gram_一点点	147
gram_芍	978
gram_发财树	2159
gram_问	40
gram_静	889
gram_踪鲜	783
gram_帝	681
gram_礼品店	356
gram_姑	1363
gram_湖	1386
gram_道	1352
gram_流	567
gram_艺馆	1232
gram_通	1670
gram_御	68
gram_生鲜花	1337
gram_灌饼	387
gram_浪漫鲜	2065
gram_界	590
gram_忘我	1880
gram_七彩鲜	1329
gram_棒糖	1187
gram_马卡	1186
gram_打	1007
gram_行	572
gram_尚花	742
gram_植物	2062
gram_ike	637
gram_士蛋糕	922
gram_鸡蛋	1634
gram_网红	2009
gram_71	1518
gram_花礼	2208
gram_岸	508
gram_园	2132
gram_束	2236
gram_熊	1947
gram_棒棒糖	1178
gram_口	1629
gram_酱	693
gram_iss	858
gram_皂	423
gram_房	1776
gram_os	612
gram_胡	461
gram_线	1769
gram_插	1030
gram_料	1867
gram_月花	983
gram_娜	1473
gram_味	1747
gram_睡莲	684
gram_师节鲜	1681
gram_盖饭	935
gram_私房	192
gram_价	781
gram_制	1275
gram_号	1039
gram_0朵	1153
gram_1	2205
gram_餐厅	101
gram_堂鲜	633
gram_森林	1479
gram_鲜花定	96
gram_彩生日	1843
gram_郁	1322
gram_约	1605
gram_带花	158
gram_实体	1534
gram_英	994
gram_乓球	301
gram_山	1787
gram_每一	761
gram_篮	2281
gram_合花	2188
gram_草	2145
gram_啦a梦	11
gram_艾	1846
gram_麻将	1027
gram_小盆栽	1403
gram_莓花	1778
gram_兽派	576
gram_肉拌	824
gram_夹馍	571
gram_只鲜	160
gram_馨花	926
gram_么	511
gram_钵	90
gram_意	2020
gram_慕斯	1553
gram_纳斯鲜	1764
gram_花速	828
gram_爱鲜	1697
gram_桥米线	606
gram_芦	1015
gram_巴黎	857
gram_妈	1550
gram_全	1976
gram_鼎卉鲜	1937
gram_了么	429
gram_血	1238
gram_节鲜花	1705
gram_鲜花速	820
gram_花草	946
gram_爪	710
gram_丸	1530
gram_手捧	2000
gram_鲜花馆	177
gram_水果沙	210
gram_仔饭	1340
gram_深鲜花	1620
gram_80	1196
gram_12	180
gram_花盆	1866
gram_港式	449
gram_菜	1963
gram_乓菊	941
gram_肉夹馍	524
gram_花小	906
gram_拉蛋	757
gram_花单只	1139
gram_广	1542
gram_丽丝	1182
gram_贵	2031
gram_华	1808
gram_园花	851
gram_17	605
gram_居鲜	1137
gram_ca	1112
gram_6	2076
gram_枣	178
gram_唯一鲜	1189
gram_宁	904
gram_德芙巧	228
gram_鲜花盆	963
gram_糕店	2196
gram_花	2289
gram_兰	2173
gram_梦	2028
gram_血粉丝	587
gram_ng	1042
gram_四寸	582
gram_斯蛋	1728
gram_斯	2121
gram_品牌鲜	1884
gram_蝴蝶兰	1786
gram_趣	769
gram_周一花	1696
gram_一米阳	172
gram_玫瑰花	2263
gram_琳鲜花	1291
gram_生煎	752
gram_cak	953
gram_维雅	1391
gram_间	1795
gram_居	1955
gram_爱久久	1463
gram_花缘	1405
gram_菊	2160
gram_r鲜	1420
gram_慕斯蛋	1407
gram_避孕	656
gram_日葵	2229
gram_皇冠蛋	1375
gram_心	2166
gram_花创意	609
gram_主	1698
gram_鸭血粉	830
gram_树	2187
gram_米	2152
gram_酸奶牛	200
gram_干鲜花	153
gram_抱桶	1619
gram_姑娘	1347
gram_烤鸭	1353
gram_妮依然	1830
gram_绿萝	2210
gram_氦气球	115
gram_支鲜花	1280
gram_式鲜花	386
gram_花婚庆	788
gram_夕	399
gram_业鲜	967
gram_甜点	1346
gram_瑰花瓣	1102
gram_v	1237
gram_鲜花水	852
gram_迷你	1483
gram_激凌	2068
gram_苑	1860
gram_对	369
gram_果蛋	1990
gram_珠蛋糕	466
gram_湾鲜花	95
gram_果礼盒	1002
gram_湾鲜	5
gram_束品	415
gram_免	1264
gram_苹果	1576
gram_花带	282
gram_通苑	1254
gram_节	2100
gram_河	959
gram_玩偶	623
gram_4寸	996
gram_买	239
gram_花定制	110
gram_花甲粉	363
gram_红蛋糕	1301
gram_体鲜	1525
gram_骨头	459
gram_城花	613
gram_洋	1858
gram_间花店	175
gram_来蛋	464
gram_公煲	419
gram_花教师	452
gram_花蓝	1950
gram_片	1673
gram_乔	980
gram_十	1365
gram_绿色桔	795
gram_荟	1306
gram_盆栽花	903
gram_步	756
gram_依	1878
gram_老	1828
gram_舍鲜花	31
gram_乃	2239
gram_小熊	1661
gram_然品	1820
gram_金钱	699
gram_99	2151
gram_式花	1197
gram_太阳	1307
gram_一心	925
gram_瑰花单	407
gram_光明	469
gram_啦a	57
gram_糕预订	340
gram_姌鲜	1170
gram_尚鲜	1260
gram_鲜花批	871
gram_发财	2161
gram_炸鸡	1849
gram_花坊鲜	1338
gram_花束	2224
gram_成	66
gram_觅	83
gram_黑玫	250
gram_af	1444
gram_鲜花满	244
gram_伴	1274
gram_果捞	1390
gram_万年青	24
gram_蟹	1706
gram_居家	1021
gram_满天星	2250
gram_好利	132
gram_芬	680
gram_气筒	122
gram_你花	448
gram_鲜花康	831
gram_雪糕	1739
gram_通苑鲜	1284
gram_园鲜	551
gram_菲	350
gram_奶油蛋	1528
gram_荷花	534
gram_ini	1467
gram_鲜花婚	873
gram_水果篮	1914
gram_朵美	1252
gram_厅	653
gram_棒	1812
gram_淋蛋	1269
gram_上	1985
gram_康乃	2241
gram_钟	1389
gram_绿	2259
gram_喷	921
gram_ua	1368
gram_养	1093
gram_一芳	1943
gram_每周一	1521
gram_单只	1667
gram_花语鲜	348
gram_网情	1643
gram_订	1676
gram_雅	1753
gram_鹅	1064
gram_先	1847
gram_芙巧克	254
gram_欧包	333
gram_妈妈	190
gram_芭	1101
gram_艾斯	98
gram_尤加	1010
gram_保	106
gram_抖	1174
gram_克力蛋	1666
gram_00	1376
gram_旺	218
gram_花小花	499
gram_庆	1636
gram_心花	700
gram_巧	2200
gram_烤冷	715
gram_郁金	1262
gram_福蛋	1116
gram_啦	441
gram_日鲜花	1983
gram_荆鲜花	102
gram_r	2024
gram_冰	2232
gram_手	2165
gram_插花	638
gram_语	2016
gram_妮姌	1416
gram_桥米	596
gram_0朵玫	1016
gram_50	1358
gram_小熊花	1436
gram_20朵	48
gram_白玫瑰	1999
gram_小姐	584
gram_槟玫	1944
gram_尾	222
gram_饺子	163
gram_永	2142
gram_提拉	374
gram_体鲜花	1537
gram_1朵	734
gram_桂	403
gram_卡	2032
gram_冰淇	2184
gram_用花	968
gram_到鲜	1339
gram_业花	2270
gram_人球	1212
gram_虎	1364
gram_黑森	1435
gram_黑色	523
gram_个	364
gram_泡	1730
gram_尚品花	879
gram_薇	958
gram_蒸蒸	155
gram_枝	1742
gram_勿忘我	1877
gram_想	1081
gram_卷饼	345
gram_欧式	575
gram_向日葵	2228
gram_悦	1177
gram_万达	1555
gram_花礼品	1381
gram_ns	578
gram_酸辣粉	836
gram_花乡	532
gram_烘焙	593
gram_猪	1772
gram_纸	1895
gram_小时	2004
gram_水果	2245
gram_品鲜	712
gram_者	608
gram_小时鲜	1948
gram_唯	1926
gram_oc	266
gram_绿野	843
gram_维纳	1967
gram_初	1974
gram_花伴	58
gram_浆	1839
gram_单只鲜	189
gram_尚鲜花	1222
gram_儿童生	42
gram_波鲜	221
gram_色妖姬	2115
gram_儿	1818
gram_业鲜花	977
gram_卖	1653
gram_ga	620
gram_市	1933
gram_千束	970
gram_包	2215
gram_迷你花	322
gram_芝士蛋	911
gram_鸡排	1028
gram_见花	812
gram_束鲜	1362
gram_优	479
gram_跳	1811
gram_莎	719
gram_梗花	233
gram_礼	2261
gram_子蛋糕	1097
gram_ove	125
gram_m	1994
gram_母	223
gram_姬	2124
gram_束品牌	375
gram_网情深	1637
gram_饼生日	984
gram_名	776
gram_红玫	2092
gram_珠蛋	491
gram_佩奇	975
gram_过桥米	536
gram_每一天	777
gram_丰	740
gram_生日礼	2071
gram_见	1836
gram_尚	1970
gram_浪漫	2114
gram_心蛋糕	544
gram_节花	319
gram_城南花	357
gram_语花	219
gram_祭	120
gram_肠	1367
gram_牌鲜花	1886
gram_hey	64
gram_糕预	661
gram_冰粉	264
gram_鼠鲜花	1134
gram_蓝色	2126
gram_一品豆	878
gram_向日	2231
gram_快到	1862
gram_生活	1310
gram_帆	1679
gram_栽花	883
gram_简爱	506
gram_约鲜花	50
gram_千层	1815
gram_芝士	1208
gram_蹄	1715
gram_送费	942
gram_尤加利	896
gram_mis	667
gram_运	739
gram_家鲜	1574
gram_茶蛋	1070
gram_地	1231
gram_天星花	1387
gram_日礼	2069
gram_尔	1554
gram_爱心	914
gram_ak	1144
gram_封	919
gram_赏家鲜	811
gram_花使者	497
gram_饼生	990
gram_花居	317
gram_帝王	314
gram_间花	1029
gram_哆啦	13
gram_来蛋糕	475
gram_爱花居	226
gram_头百	454
gram_01	1497
gram_巷	644
gram_酥	1023
gram_薯	696
gram_台花	1477
gram_花儿	939
gram_鹿花	291
gram_盒子	1802
gram_711	1404
gram_淇淋蛋	1287
gram_妮	2008
gram_艺	2220
gram_往情	378
gram_招	728
gram_心语	486
gram_会	1581
gram_多头百	474
gram_油条	714
gram_舍鲜	149
gram_脚饭	334
gram_捧花	2037
gram_鸡蛋灌	237
gram_狗	1929
gram_近鲜花	884
gram_束鲜花	1361
gram_nly	159
gram_支鲜	1282
gram_人鲜	133
gram_手提花	1874
gram_花配	1616
gram_炮	1047
gram_蔬菜	1210
gram_七	1903
gram_米苏	383
gram_99朵	2046
gram_七彩	1674
gram_小狗	1245
gram_语鲜花	1122
gram_馨赏	1019
gram_球花篮	1613
gram_芝	1432
gram_九亭	285
gram_香水	1777
gram_商	1750
gram_周一	1756
gram_抹茶	1437
gram_生日快	923
gram_私	991
gram_纳斯蛋	875
gram_忘我鲜	422
gram_花点	1214
gram_预订	866
gram_桃	1904
gram_架	1380
gram_真	1702
gram_蝶	1859
gram_婚庆	1313
gram_韵	69
gram_蛋糕店	2195
gram_门鲜	545
gram_湾	1285
gram_裤	62
gram_朵朵	1654
gram_拼	430
gram_淋	2185
gram_意蛋糕	1065
gram_菠	131
gram_装	1902
gram_wer	1762
gram_福树	1031
gram_清	1646
gram_然	1899
gram_红糖	498
gram_房姑	768
gram_su	310
gram_鸡面	723
gram_卤肉	283
gram_猪佩奇	880
gram_瑰园	929
gram_路	1855
gram_小龙	144
gram_瑰	2277
gram_瑰假花	394
gram_汤	1945
gram_k蛋糕	1183
gram_心鲜	1562
gram_家	2170
gram_荔	1049
gram_半	435
gram_开业鲜	998
gram_吉	1810
gram_肥	1279
gram_多	2128
gram_火鸡	771
gram_竹	2097
gram_网	2103
gram_花千	1522
gram_蛋灌	236
gram_包装	1659
gram_时间	912
gram_sun	119
gram_到鲜花	1331
gram_赏	1095
gram_煎包	548
gram_相印	420
gram_品豆	863
gram_风	1571
gram_餐	1763
gram_榴莲千	897
gram_阳花	1184
gram_红豆	1168
gram_13	1217
gram_鲜花巧	482
gram_琳	1498
gram_附近鲜	888
gram_烧	1888
gram_脚架	810
gram_2	2143
gram_早	1606
gram_丧	183
gram_乳	882
gram_品鲜花	616
gram_j	440
gram_天	2257
gram_发光	477
gram_瑰礼	751
gram_松	601
gram_爆浆蛋	1591
gram_区鲜花	330
gram_鮮花	1004
gram_唯漫	837
gram_牛排	408
gram_表白	611
gram_冰淇凌	77
gram_钱树	657
gram_开业	2271
gram_淇凌	104
gram_国	2127
gram_跳舞	1723
gram_永生	2118
gram_遇见花	312
gram_凌蛋	1091
gram_玫瑰鲜	361
gram_ao	214
gram_张大	19
gram_ho	559
gram_带	1549
gram_层蛋糕	1638
gram_粉色玫	671
gram_牛肉	1690
gram_家蛋	93
gram_然品牌	1819
gram_快到鲜	1332
gram_脚	1644
gram_全诚花	1714
gram_租	427
gram_le	579
gram_深鲜	1623
gram_全城花	197
gram_花满天	1100
gram_植	2223
gram_仙人球	1215
gram_热	1043
gram_创意花	116
gram_螺丝	787
gram_花主	1316
gram_鸡	2176
gram_帝王花	167
gram_之苑鲜	1225
gram_光	2075
gram_阳鲜	561
gram_c	1935
gram_11	1872
gram_万	1893
gram_马蹄	188
gram_汽	1664
gram_蛋	2285
gram_花开	1825
gram_包装盒	546
gram_打气	628
gram_蹄花	1350
gram_上海	639
gram_苑鲜	1716
gram_寸蛋糕	1685
gram_拼盘	203
gram_列罗巧	971
gram_鲜花礼	2207
