瓜尖	苦瓜尖椒炒鸡蛋
瓜皮	黄瓜皮蛋汤
瓦香	瓦片椰香
瓶酒	瓶装崂山啤酒
瓶酒	瓶装白熊啤酒
瓶酒	瓶装百威啤酒
瓶酒	瓶装雪花啤酒
瓷饭	彩瓷饭碗
瓷饭	红瓷饭碗
瓷饭	陶瓷饭碗
瓷饭	青瓷饭碗
甄糕	甄选雪糕
甜芋	甜粥香芋
甜芋	香甜芋头卷
甜芋	香芋甜心香芋甜心
甜鸡	酸甜鸡架
甜鸡	香甜鸡翅
甜汤	清甜汤圆
甜汤	香甜汤圆
甜辣	酸甜辣味
甜辣	酸甜辣酱
甜辣	香甜辣味
甜辣	香甜辣酱
甜烧	香甜烧饼
甜水	清甜水晶
甜水	清甜水果
甜水	粉甜水面
甜水	酸甜水晶
甜水	酸甜水晶萝卜
甜水	酸甜水果
甜水	酸甜水果拼盘
甜水	酸甜水果捞
甜水	酸甜水果派
甜水	香甜水果
甜水	香甜水果卷
甜水	香甜水果比萨
甜水	香甜水果沙拉
甜水	香甜水果玉米
甜水	香甜水果茶
甜水	香甜水果披萨
甜蒜	酸甜蒜香
甜蒜	香甜蒜泥小龙虾
甜虾	香甜虾饼
甜豆	香甜豆沙春卷
甜豆	香甜豆蓉包
甜酒	田甜酒水
甜酱	酸甜酱鸭
生串	小生串儿
生串	小生串盘
生卤	先生卤肉饭
生椒	生姜小辣椒
生汤	花生汤圆
生蟹	野生蟹腿肉
生馄	大生馄饨
生蛋	一生蛋糕
生蛋	求生蛋糕
生蛋	男生蛋糕
生蛋	花生蛋白
生蛋	花生蛋糕
生鸡	先生鸡汤
生鸡	养生鸡汤米线
生鸡	养生鸡翅汤
生鸡	养生鸡肉
生鸡	养生鸡汤
生鸡	利生鸡蛋面
生鸡	大哥花生鸡汁味
生鸡	花生鸡丁
生鸡	花生鸡脖
生鸡	花生鸡蛋仔
生鸡	野生鸡枞
生鸡	野生鸡枞菌
生牛	养生牛丸汤
生牛	李先生牛肉面
生牛	花生牛奶味
生牛	花生牛脑
生牛	野生牛蛙
生牛	香菜花生牛肉
生皮	养生皮蛋排骨粥
生皮	生态井冈山豆皮
生皮	生菜豆皮
生皮	老醋花生皮蛋
生皮	花生皮蛋
生面	先生面包
生面	养生面粉
生面	养生面包
生面	再生面膜
生面	原生面巾纸
生面	原生面膜
生面	城野医生面膜
生面	小生面包
生面	花生面筋
生面	花生面包
生面	野生面条
生面	黑炭花生面包
生啤	花生啤酒套餐
生地	养生地瓜粥
生地	野生地皮菜炒鸡蛋
生地	野生地衣炒鸡蛋
生姜	养生姜糖
生姜	养生姜茶
生姜	女生姜枣
生姜	女生姜汁红糖
生姜	好生姜片
生姜	源生姜粉
生抽	卫生抽纸
生抽	天生抽袋
生日	学生日记本
生梨	凤梨生炒骨凤梨生炒骨
生榨	学生榨菜
生榨	学生榨菜丝
生榨	安生榨粉
生榨	汤生榨粉
生煎	人生煎饼
生煎	先生煎饼
生煎	养生煎饼果子
生煎	养生煎饼
生煎	原味花生煎饼果子
生煎	原生煎蛋
生煎	后生煎茶
生煎	好先生煎蛋
生煎	幸福一生煎饼
生煎	红枣花生煎饼
生煎	脆花生煎饼果子
生煎	花生煎饼果子
生煎	花生煎饼
生煎	酒鬼花生煎饼
生煎	酒鬼花生煎饼果子
生煎	酥花生煎饼
生煎	香辣花生煎饼
生煎	香辣花生煎饼果子
生煎	香酥花生煎饼
生煎	麻辣花生煎饼
生物	花生物语
生米	小菜花生米饭
生米	玉米生煎玉米生煎
生粉	生日闪粉
生粉	蟹粉生煎蟹粉生煎
生肉	先生肉条
生肉	养生肉包
生肉	养生肉枣汤
生肉	养生肉片
生肉	养生肉丸汤
生肉	大生肉包
生肉	女生肉色
生肉	美生肉包
生肉	花生肉丝拌面
生肉	花生肉松西多士
生肉	花生肉皮咸菜
生肉	花生肉粽
生肉	野生肉蘑
生肠	生地烤肠
生肠	生态小红肠
生肠	生菜大香肠
生肠	生菜烤肠
生肠	生菜牛肉蛋肠
生肠	生菜肉肠
生肠	生菜肥肠
生肠	生菜腊肠
生肠	生菜香肠
生肠	生蚝肉肠
生菜	养生菜根香
生菜	养生菜煲
生菜	养生菜豆花
生菜	养生菜饭
生菜	啫啫唐生菜煲
生菜	花生菜心粥
生蒜	吊炉花生蒜蓉
生蒜	吊炉花生蒜蓉味
生蒜	吊炉花生蒜香
生蒜	干花生蒜蓉
生蒜	生炒羊肝大蒜
生蒜	落花生蒜茸
生鱼	养生鱼丸汤
生鱼	养生鱼片粥
生鱼	养生鱼籽
生鱼	养生鱼翅
生鱼	养生鱼骨汤
生鱼	养生鱼头
生鱼	弥生鱼片
生鱼	弥生鱼粥
生鱼	花生鱼片
生鱼	野生鱼块
生鱼	野生鱼头汤
生鱼	野生鱼尾
生鱼	野生鱼皮
生鱼	野生鱼籽
生鱼	野生鱼翅
生鱼	野生鱼肉水饺
生鱼	野生鱼胶
生鱼	野生鱼头
生鱼	野生鱼片
田鸡	欧田鸡排咖喱饭
田鸡	禾田鸡翅包饭
田鸡	胜田鸡肉条
田鸡	荷田鸡丝卷
田鸡	阿华田鸡蛋仔
田鸡	麦田鸡排
田鸡	麦田鸡肉堡
田鸡	黄田鸡腿
田鸡	龙田鸡排
田鸡	龟田鸡块
田鸡	龟田鸡块饭
甲粉	锡纸花甲粉丝
甲油	甲鱼黄油
甲米	秘制花甲米饭
甲米	花甲米饭
甲米	花甲米粉
甲米	锡纸花甲米粉
甲米	锡纸花甲米线
甲米	龙门花甲米饭
甲鱼	开心花甲鱼腐
甲鱼	开心花甲鱼蛋
甲鱼	招牌花甲鱼丸
甲鱼	花甲鱼丸
甲鱼	花甲鱼丸年糕
甲鱼	花甲鱼丸米线
甲鱼	花甲鱼丸粉
甲鱼	花甲鱼丸粉丝
甲鱼	花甲鱼头
甲鱼	花甲鱼片汤
甲鱼	花甲鱼片粉
甲鱼	花甲鱼粉
甲鱼	花甲鱼肉
甲鱼	酸辣花甲鱼丸米线
甲鱼	锡纸花甲鱼丸米线
甲鱼	锡纸花甲鱼丸粉
甲鱼	锡纸花甲鱼丸粉丝
甲鱼	香辣花甲鱼丸
甲鱼	香辣花甲鱼丸米线
甲鱼	马甲鱼丸
甲鱼	马甲鱼羹
甲鱼	鲜虾花甲鱼丸米线
甲鱼	麻辣花甲鱼丸米线
甲鱼	黄甲鱼条
电暖	充电暖手袋
电暖	电热毯水暖
电暖	电热毯舒暖
电热	充电热水袋
电热	光电热水壶
电热	华电热水壶
电热	带电热水壶
电热	插电热水袋
电线	充电线条
男用	男拖家用
番薯	沙番薯条
番薯	沙番薯芋
番薯	番茄红薯
番薯	红番薯条
番薯	红番薯片
瘦肉	精瘦肉丝
瘦肉	精瘦肉丸
瘦肉	肥瘦肉片
瘦肉	肥瘦肉馅
白毛	纯白毛巾
白胡	纯白胡椒粉
白胡	美白胡椒粉
白胡	黑白胡椒虾
白瓜	白粥脆黄瓜
白肉	交白肉丝饭
白肉	交白肉片
白肉	交白肉丝
白肉	大豆蛋白肉丝
白肉	大豆蛋白肉皮
白肉	清炒茭白肉丝
白肉	炒茭白肉丝
白肉	炒茭白肉片
白肉	胶原蛋白肉皮
白肉	花白肉丝
白肉	茭白肉丝盖饭
白肉	茭白肉丝饭
白肉	茭白肉片
白肉	茭白肉片饭
白肉	茭白肉馅
白肉	茭白肉丝
白肉	茭白肉丝盖浇饭
白肉	茭白肉丝面
白肉	莲白肉丝
白肉	莲白肉丝炒面
白肉	莲白肉丝炒饭
白肉	莲白肉丝盖浇饭
白肉	莲白肉丝盖饭
白肉	莲白肉丝蛋炒饭
白肉	莲白肉片
白肉	莲白肉片汤
白肉	莲白肉片饭
白肉	葱白肉丝
白肉	葱白肉丝面
白肉	葱白肉片
白肉	蛋白肉丝
白肉	蛋白肉干
白肉	蛋白肉皮
白肉	蛋白肉类
白肉	蛋白肉豆
白肉	蛋白肉丸
白肉	雪白肉丝
白肉	雪白肉丝汤面
白肉	雪白肉丝蛋炒饭
白肉	雪白肉丝面
白糕	白果年糕
白糕	白色巧克力水果蛋糕
白饼	白粥时蔬煎饼
白饼	白粥烙饼
白饼	白粥鸡蛋菜煎饼
白饼	白粥小菜酱牛肉卷饼
白饼	白糖传统月饼
白饼	白糖烧饼
白饼	白糖酥饼
白饼	白菜锅饼
白饼	白菜粉条煎饼
白饼	白菜馅馅饼
白饼	白面春饼
白饼	蛋白饼干
白果	纯白果园
白果	美白果粒酸奶
白果	胶原蛋白果汁软糖
白果	胶原蛋白果冻
白果	高蛋白果蔬
白果	黑白果乐
白果	黑白果茶
白柚	白茶西柚
白桃	白雪黑糯米樱桃
白桃	黄桃白雪黑糯米黄桃白雪黑糯米
白熊	黑白熊猫吐司
白熊	黑白熊猫奶盖茶
白熊	黑白熊猫芝士奶盖
白米	炒蛋白米饭
白米	纯白米醋
白米	黑白米饭
白粉	莲白粉丝
白粥	小白粥碗
白糖	蛋白糖罐
白脱	高蛋白脱脂奶粉
白菜	丝白菜心
白菜	干白菜锅
白菜	素白菜馅
白菜	蛋白菜心
白菜	蛋白菜心粒炒饭
白菜	黑白菜干
白菜	黑白菜饭
白虾	小白虾干
白虾	小白虾面
白虾	美白虾仁
白虾	莲白虾仁粉丝
白虾	蛋白虾仁
白虾	蛋白虾仁炒饭
白虾	高蛋白虾仁沙拉
白虾	黑白虾饺
白螺	白灼爆炒田螺
白雪	茭白雪菜肉丝
白面	净白面膜
白面	小白面包
白面	焕白面膜
白面	美白面膜
白面	胶原蛋白面膜
白面	蛋白面膜
白饭	纯白饭碗
白鱼	蛋白鱼肉
白鸡	交白鸡块
白鸡	茭白鸡丁
白鸡	莲白鸡蛋粉丝
白鸡	高蛋白鸡扒
皂盒	香皂盒子
皮卷	皮蛋牛肉粥春卷
皮虾	皮蛋粥鲜虾
皮鸭	腐皮鸭胸寿司
皮带	陈皮带鱼
皮特	脆皮特大鸡排
皮蛋	俏皮蛋糕
皮蛋	冰皮蛋糕
皮蛋	巧克力脆皮蛋卷
皮蛋	巧克力虎皮蛋糕
皮蛋	桂皮蛋卷
皮蛋	港式酥皮蛋挞
皮蛋	瓜皮蛋汤
皮蛋	脆皮蛋黄卷
皮蛋	脆皮蛋卷
皮蛋	脆皮蛋挞
皮蛋	腐皮蛋卷
皮蛋	虎皮蛋糕盒
皮蛋	虎皮蛋鸡
皮蛋	虎皮蛋卷
皮蛋	虎皮蛋糕
皮蛋	虎皮蛋糕卷
皮蛋	虾皮蛋汤
皮蛋	虾皮蛋饼
皮蛋	豆皮蛋白肉
皮蛋	酥皮蛋黄派
皮蛋	酥皮蛋挞
皮蛋	酥皮蛋糕
皮蛋	酥皮蛋黄酥
皮蛋	鱼皮蛋卷
皮蛋	鱼皮蛋饺
皮蛋	鸭皮蛋卷
盆菜	大盆菜花
盆子	覆盆子兰
盐豆	椒盐豆瓣
盐豆	椒盐豆腐鱼
盐蛋	海盐蛋糕
盐蛋	焦糖海盐蛋糕
盐蛋	盐菜炒饭鸡蛋
盐鸡	碘盐鸡精
盐水	椒盐水电鱼
盐水	椒盐水蛇
盐水	椒盐水鱼
盐水	海盐水洗
盐菜	盐肉花菜
盐酸	海盐酸奶
盐酸	海盐酸奶芝士
盒饭	大盒饭菜
盒饭	大盒饭馆
盒饭	宝盒饭叉
盒饭	木盒饭粒
盒饭	盒装米饭
盒饭	餐盒饭菜
盒饭	餐盒饭量
盖面	沙盖面筋
盖面	盖菜碱面
盖饭	带盖饭碗
盖饭	沙盖饭盆
盖饭	锅盖饭汤
石蛋	云石蛋糕
石蛋	片石蛋肠
石蛋	石板饭韭菜鸡蛋
石蛋	石磨咸蛋
石蛋	石磨鸡蛋
石蛋	石锅番茄鸡蛋
石蛋	石锅鸡蛋
石蛋	石锅拌饭火腿煎蛋
石蛋	石锅拌饭煎蛋
石蛋	石锅饭番茄炒蛋
石蛋	石锅饭肉沫鸡蛋
石蛋	钻石蛋糕
石蛋	鸡蛋石锅拌饭鸡蛋石锅拌饭
石鸡	黑陨石鸡翅
码粉	数码粉色
砂汤	砂锅老汤
砂汤	砂锅米线高汤
砂汤	砂锅粉丝清汤
砂汤	骨汤砂锅骨汤砂锅
砂汤	高汤砂锅高汤砂锅
碗仔	碗面公仔
碗杂	汤碗杂酱面
碗杂	汤碗杂面
碗肉	大碗肉丁炸酱面
碗肉	小碗肉丸胡辣汤
碗肉	碗面酸菜牛肉
碱水	生碱水面
福佳	幸福佳辰
福佳	祝福佳品
福袋	三福袋装
秋月	中秋月饼
秋梨	秋菊雪梨
稀饭	稀粥米饭
空气	星空气泡
空气	星空气泡水
空气	星空气球
窝蛋	燕窝蛋白
窝蛋	燕窝蛋糕
窝蛋	燕窝蛋挞
窝蛋	窝头虾酱鸡蛋
窝蛋	蜂窝蛋糕
窝头	炸窝头条
竹排	腐竹排骨
竹筒	腐竹筒骨
竹筒	腐竹筒骨汤
竹筒	腐竹筒骨饭
竹豆	甘竹豆豉鲮鱼
竹豆	腐竹豆浆
笋包	笋尖鲜肉大馄饨打包
笋包	香笋包热
笋干	烟笋干丝
笋干	窝笋干炒
笋干	莴笋干炒
笋干	野笋干炒
笋干	野笋干红
笋干	鲜笋干锅
筋牛	面筋牛腩
管面	试管面膜
篮球	开业花篮球形
米丸	肥牛贡丸米线肥牛贡丸米线
米丸	贡丸米线贡丸米线
米丸	鱼丸米粉鱼丸米粉
米卷	玉米卷饼
米寿	玉米寿司
米寿	紫米寿司
米干	几米干锅香辣虾
米干	玉米干贝粥
米干	玉米干贝鲜虾粥
米干	笋干米线笋干米线
米干	米饭炒小鱼干
米干	米饭炒香干
米干	米饭豆干
米干	米饭韭菜炒豆干
米干	米饭香干
米干	米饭香辣小鱼干
米干	米饭一份豆干
米干	肉米干红
米干	肉米干面
米干	虾仁玉米干贝粥
米排	玉米排骨套餐
米排	米粉鱼排
米排	米线鱼排
米排	米线锅鱼排
米排	米饭炸鸡排
米排	糯米排骨
米杏	玄米杏仁茶
米油	三米油条
米油	海米油菜
米油	米饭鸡油
米油	红油米线红油米线
米油	血糯米油条
米稀	大米稀饭
米稀	小米稀饭
米稀	椰香芒果糯米稀饭
米稀	玉米稀饭
米稀	白米稀饭
米稀	紫米稀饭
米稀	黑米稀饭
米糍	糯米糍粑
米藕	三米藕夹
米血	猪血米粉猪血米粉
米血	米粉酸菜鸭血
米血	米粉鸭血
米血	米粉麻辣鸭血
米血	米糕猪血
米血	米线鲜鸭血
米血	米肠猪血
米血	米饭一品鸭血
米血	米饭鸭血
米血	米饭一份水煮鸭血
米血	糯米血肠
米血	鸭血米线鸭血米线
米血	麻辣鸭血米线麻辣鸭血米线
米辣	米线川香麻辣
米辣	阿香麻辣米线阿香麻辣米线
米辣	香辣米线香辣米线
米辣	麻辣米线麻辣米线
米棒	大玉米棒子
米棒	小米棒子
米棒	熟玉米棒子
米棒	玉米棒冰
米棒	玉米棒芯
米棒	玉米棒子
米棒	甜玉米棒子
米棒	米粉肉棒
米棒	米粉蟹棒
米棒	米饭蟹棒
米棒	糯玉米棒子
米棒	蟹棒米线蟹棒米线
米棒	香甜玉米棒子
米花	厘米花瓶
米花	小米花生
米花	小米花胶
米花	玄米花生
米花	糯米花生
米花	香米花生
米花	黑米花生
米花	黑米花生露
米条	米饭牛肋条
米条	米饭粉条
米条	米饭酸菜粉条
米条	米饭一份粉条
米丝	米果爱丝
米丝	米饭五香肉丝
米丝	米饭土豆肉丝
米丝	米饭尖椒炒肉丝
米丝	米饭尖椒肉丝
米丝	米饭干锅羊肚丝
米丝	米饭木耳炒肉丝
米丝	米饭木耳肉丝
米丝	米饭榨菜肉丝
米丝	米饭泡菜肉丝
米丝	米饭泰州干丝
米丝	米饭炒肉丝
米丝	米饭爆炒羊肚丝
米丝	米饭肉丝
米丝	米饭胡萝卜肉丝
米丝	米饭芹菜香干炒肉丝
米丝	米饭芹菜香干肉丝
米丝	米饭莴笋肉丝
米丝	米饭蒜苔肉丝
米丝	米饭青椒干丝
米丝	米饭青椒炒肉丝
米丝	米饭青椒肉丝
米丝	米饭香干肉丝
米丝	米饭鱼香肉丝
米丝	米饭鱼香鸡丝
米丝	米饭一份鱼香肉丝
米尺	厘米尺寸
米布	厘米布袋
米果	小米果花
米果	玉米果啤
米果	糯米果子
米果	紫米果蔬三明治
米果	薏米果仁
米果	黑米果仁
米汤	厘米汤盆
米汤	大黄米汤圆
米汤	姜米汤面
米汤	小米汤圆
米汤	排骨炖玉米汤饭
米汤	排骨炖玉米汤饭套餐
米汤	排骨玉米汤锅
米汤	排骨玉米汤饭
米汤	木瓜西米汤圆
米汤	杂果西米汤圆
米汤	椰奶紫米汤圆
米汤	椰奶西米汤丸
米汤	椰奶西米汤圆
米汤	椰汁紫米汤圆
米汤	椰汁紫薯西米汤圆
米汤	椰汁西米汤丸
米汤	椰汁西米汤圆
米汤	椰汁香芋西米汤圆
米汤	椰汁黑糯米汤圆
米汤	椰香紫米汤圆
米汤	海米汤饺
米汤	清汤米线清汤米线
米汤	炒米汤加
米汤	牛奶西米汤圆
米汤	猪肉玉米汤包
米汤	猪肉玉米汤饺
米汤	玉米汤味
米汤	玉米汤圆
米汤	玉米汤料
米汤	玉米汤盅
米汤	玉米汤粉
米汤	玉米汤羹
米汤	玉米汤面
米汤	玉米汤饭
米汤	玉米汤饺
米汤	玉米汤包
米汤	番茄玉米汤饭
米汤	白糯米汤圆
米汤	糯米汤团
米汤	糯米汤圆
米汤	糯米汤圆粉
米汤	紫米汤圆
米汤	紫糯米汤圆
米汤	红豆紫米汤圆
米汤	红豆薏米汤圆
米汤	红豆西米汤圆
米汤	纳米汤碗
米汤	绿豆西米汤圆
米汤	肉米汤面
米汤	芋圆西米汤圆
米汤	芝麻糊黑糯米汤圆
米汤	薏米汤圆
米汤	虾仁玉米汤包
米汤	虾仁玉米汤饺
米汤	虾米汤饺
米汤	血糯米汤圆
米汤	西米汤丸
米汤	西米汤圆
米汤	雪糯米汤圆
米汤	香芋椰汁西米汤圆
米汤	香芋西米汤圆
米汤	鲜奶西米汤圆
米汤	鲜肉玉米汤饺
米汤	黄米汤圆
米汤	黄金玉米汤包
米汤	黑米汤圆
米汤	黑糯米汤圆
米皮	五常大米皮蛋瘦肉粥
米皮	几米皮夹式
米皮	大米皮蛋瘦肉粥
米皮	大米皮蛋粥
米皮	奶香玉米皮萨
米皮	姜米皮蛋
米皮	小米皮蛋瘦肉粥
米皮	小虾米皮蛋粥
米皮	汤米皮加
米皮	海米皮蛋粥
米皮	火腿玉米皮蛋瘦肉粥
米皮	玉米皮萨
米皮	玉米皮蛋
米皮	玉米皮蛋瘦肉粥
米皮	玉米皮蛋粥
米皮	肉松玉米皮萨
米皮	芒果西米皮蛋
米皮	芝士玉米皮萨
米皮	虾米皮渣
米皮	虾米皮蛋粥
米皮	香米皮蛋瘦肉粥
米皮	黄金玉米皮萨
米粉	东北玉米粉丝
米粉	东北玉米粉条
米粉	冬瓜海米粉丝
米粉	冬瓜海米粉丝汤
米粉	冬瓜海米粉丝砂锅
米粉	冬瓜海米粉条
米粉	包菜虾米粉丝
米粉	厘米粉色
米粉	厘米粉色心情
米粉	大米粉丝
米粉	大米粉条
米粉	小米粉丝
米粉	小米粉条
米粉	小米粉汤
米粉	小米粉球
米粉	小米粉皮
米粉	汤米粉丝
米粉	汤米粉红
米粉	海米粉丝
米粉	海米粉丝包菜
米粉	海米粉丝圆白菜
米粉	海米粉丝大白菜
米粉	海米粉丝娃娃菜
米粉	海米粉丝小白菜
米粉	海米粉丝汤
米粉	海米粉丝炒包菜
米粉	海米粉丝煲
米粉	海米粉丝白菜
米粉	海米粉丝砂锅
米粉	海米粉丝鸡蛋
米粉	海米粉条
米粉	海米粉条包
米粉	海米粉条包子
米粉	海米粉条汤
米粉	玉米粉丝
米粉	玉米粉丝包
米粉	玉米粉丝汤
米粉	玉米粉丝虾
米粉	玉米粉丝金针菇
米粉	玉米粉粒
米粉	玉米粉肠
米粉	玉米粉条
米粉	糯米粉丝包
米粉	糯米粉团
米粉	糯米粉嫩
米粉	纳米粉色
米粉	细米粉底
米粉	肉米粉丝
米粉	肉米粉丝包
米粉	肉米粉丝堡
米粉	肉米粉条
米粉	肉米粉丝煲
米粉	节瓜虾米粉丝煲
米粉	萝卜虾米粉丝
米粉	萝卜虾米粉条
米粉	蒜米粉丝金针菇
米粉	虾米粉丝
米粉	虾米粉丝包
米粉	虾米粉丝包菜
米粉	虾米粉丝大白菜
米粉	虾米粉丝小白菜
米粉	虾米粉丝炒包菜
米粉	虾米粉肠粥
米粉	虾米粉丝杂菜煲
米粉	虾米粉丝煲
米粉	香米粉饼
米粉	黑米粉丝包
米粉	黑米粉团
米粉	黑米粉盒
米羹	米饭蛋羹
米肉	玉米肉末
米肉	玉米肉松紫菜包饭
米肉	米粉泡椒鸡肉
米肉	米粉酱香鸡肉
米肉	米饭孜然牛肉
米肉	红烧牛肉米线红烧牛肉米线
米肉	鸡肉米粉鸡肉米粉
米肠	加玉米肠粉
米肠	干虾米肠粉
米肠	水果玉米肠粉
米肠	火腿玉米肠粉
米肠	煎虾米肠粉
米肠	猪肉玉米肠粉
米肠	玉米肠粉
米肠	甜玉米肠粉
米肠	紫米肠粉
米肠	红米肠粉
米肠	纯米肠粉
米肠	肉末玉米肠粉
米肠	肉米肠粉
米肠	葱花虾米肠粉
米肠	虾仁玉米肠粉
米肠	虾米肠粉
米肠	金沙红米肠粉
米肠	香煎虾米肠粉
米肠	香甜玉米肠粉
米肠	鲜玉米肠粉
米肠	鲜肉玉米肠粉
米肠	鸡蛋玉米肠干
米肠	鸡蛋玉米肠粉
米肠	黄金玉米肠粉
米肠	黑米肠粉
米肠	黑糯米肠粉
米豆	土豆米饭土豆米饭
米豆	米粥红豆
米豆	糯米豆浆
米酒	小米酒桶
米酒	小米酒鬼锅巴
米酒	燕麦玉米酒味
米酒	玉米酒瓶
米酒	玉米酒箱
米酒	红米酒糟鱼
米酒	红米酒红
米酒	食米酒鬼花生
米面	大米面膜
米面	大米面霜
米面	玄米面茶
米面	玉米面膜
米饺	猪肉玉米饺子
米饺	玉米饺子
米饺	米兰虾饼炸饺
米饺	米兰虾饼煎饺
米饺	米兰虾饼蒸饺
米饺	米粉手工蛋饺
米饺	米粉芹菜水饺
米饺	米粉虾饺
米饺	米线燕肉饺
米饺	米线燕饺
米饺	米线虾饺
米饺	米线蛋饺
米饺	米醋特色蒸饺
米饺	米饭月牙蒸饺
米饺	米饭一份蛋饺
米饺	萝卜虾米饺子
米饺	虾米饺子
米饺	鲜肉玉米饺子
米饼	玉米饼干
米饼	红豆薏米饼干
米饼	薏米饼干
籽虾	鱼籽虾酱
籽虾	鱼籽虾球
粉板	铁板粉丝铁板粉丝
粉菜	粉丝小白菜
粉菜	酸菜粉丝汤酸菜粉丝汤
粉虫	粉丝煲沙虫
粉虫	鸡扒意粉虫草花汤
粉螺	汤粉螺蛳鸭脚
粉鱼	粉丝鱿鱼
粉鱼	粉干墨鱼
粉鸭	米粉鸭胗
粉果	奶粉果蔬
粉果	粉色水果
粉果	粉色糖果
粉果	粉黛乳果
粉果	蛋炒河粉果汁饮料
粉果	蛋炒米粉果汁饮料
粉果	蜜粉果茶
粉果	黑凉粉果蔬
粉蒸	清蒸粉丝扇贝清蒸粉丝扇贝
粉蒸	炒河粉蒸饺
粉蒸	炒粉蒸饺
粉蒸	炒细粉蒸饺
粉蒸	米粉蒸饺
粉蒸	粉丝鲍鱼清蒸
粉蒸	肉粉蒸饺
粉蒸	邵阳米粉蒸肉
粉蒸	鲜虾仁肠粉蒸饺
粉蒸	鸡蛋炒河粉蒸饺
粉面	全粉面筋
粉面	奶粉面包
粉面	拌粉面对
粉面	散粉面子
粉面	散粉面袋
粉面	淡粉面膜
粉肉	烂肉粉条烂肉粉条
粉肉	牛肉粉丝牛肉粉丝
粉肉	牛肉粉丝汤牛肉粉丝汤
粉肉	羊肉粉丝汤羊肉粉丝汤
粉肉	辣牛肉粉丝汤辣牛肉粉丝汤
粉肝	猪肝粉肠粥猪肝粉肠粥
粉肝	粉丝汤猪肝
粉肝	粉肠猪肝
粉肝	鸭肝粉丝鸭肝粉丝
粉角	粉丝酸豆角
粉角	粉色平角
粉鸡	凉粉鸡蛋
粉鸡	汤米粉鸡肉牛肉双拼
粉鸡	河粉鸡蛋
粉鸡	河粉鸡蛋火腿
粉鸡	炒河粉鸡排
粉鸡	炒河粉鸡蛋
粉鸡	炒河粉鸡蛋汤
粉鸡	炒河粉鸡蛋火腿
粉鸡	炒米粉鸡蛋
粉鸡	煎凉粉鸡蛋饼
粉鸡	粉丝小鸡
粉鸡	粉丝煲仔鸡
粉鸡	粉干土鸡
粉鸡	粉条小鸡
粉鸡	粉皮仔鸡
粉鸡	粉皮小鸡
粉鸡	肠粉鸡蛋
粉鸡	肠粉鸡蛋虾仁
粉鸡	蒸米粉鸡蛋
粉鸡	蒸肠粉鸡蛋
粉块	粉丝砂锅鸡块
粉干	叉烧鸡蛋肠粉干贝
粉干	宽粉干锅
粉干	粉丝笋干
粉干	粉丝煲笋干
粉干	粉皮鱼头余干
粉干	粉红色巧克力饼干
粉干	蟹粉干锅
粉汤	炒河粉汤圆
粉汤	玫瑰冰粉汤圆
粉汤	粉丝娃娃菜清汤
粉皮	骨粉皮蛋瘦肉粥
粉饼	原味米粉饼干
粉饼	米粉饼干
粑鱼	糍粑鱼肉
粑鱼	糍粑鱼块
粗薯	粗粉红薯
粗薯	粗粮紫薯
粗薯	粗粮红薯
粗薯	粗粮红豆紫薯
粗薯	粗粮沙拉紫薯
粗薯	粗粮饼干紫薯
粘饼	粘糕鱼饼
糕干	日式蛋糕干白
糕干	蒸蛋糕干白
糕饼	蛋糕饼干
糕饼	面包蛋糕饼干
糖橘	软糖橘子味
糖火	焦糖火山岩
糖炒	糖醋排骨生炒
糖炒	蜜糖炒虾
糖蛋	无糖蛋糕
糖蛋	黑糖蛋糕
糖姜	红糖姜枣茶
糖姜	黑糖姜汁
糖姜	黑糖姜茶
糖果	低糖果冻
糖果	冰糖果子
糖果	冰糖果汁
糖果	冰糖果肉
糖果	冰糖果袋
糖果	冲绳黑糖果粒
糖果	焦糖果仁
糖果	焦糖果冻
糖果	焦糖果子
糖果	焦糖果露
糖果	粉糖果粉
糖果	红糖果仁
糖果	红糖果粒
糖果	蔗糖果肉
糖果	蜜糖果仁
糖果	蜜糖果粒
糖果	黑糖果仁
糖果	黑糖果冻
糖果	黑糖果汁
糖水	低糖水果
糖水	低糖水果生日蛋糕
糖水	无糖水果
糖水	无糖水果蛋糕
糖水	木糖水果杯
糖水	果汁软糖水果
糖水	蜜糖水晶枣
糖油	糖心红油
糖油	糖蒜酱油
糖油	红糖油饼
糖瓜	焦糖瓜子
糖瓜	黑糖瓜子
糖糕	姜糖糕点
糖糕	无糖糕点盒
糖糕	无糖糕点
糖藕	无糖藕粉
糖藕	红糖藕粉
糖藕	蔗糖藕粉
糖豆	无糖豆浆
糖豆	焦糖豆花
糖豆	砂糖豆腐脑
糖豆	红豆糖水红豆糖水
糖豆	绿豆糖水绿豆糖水
糖豆	黑糖豆沙
糖霜	冰糖霜降
糖饼	低糖饼干
糖饼	低糖饼干袋
糖饼	冰糖饼干
糖饼	无糖饼干圈
糖饼	无糖饼干盒
糖饼	无糖饼干箱
糖饼	无糖饼干
糖饼	果糖饼干
糖饼	枫糖饼干
糖饼	焦糖饼干
糖饼	白糖饼干
糖饼	砂糖饼干
糖饼	红糖饼干
糖饼	美式焦糖饼干
糖饼	芝麻白糖饼干
糖饼	蔗糖饼干
糖饼	蔗糖饼干盒
糖饼	赤砂糖饼干
糖饼	赤砂糖饼干盒
糖饼	降糖饼干
糖饼	黑糖饼干袋
糖饼	黑糖饼盒
糖饼	黑糖饼干
糟肉	糟鸭牛肉
糯香	甜糯香蕉
糯香	糯米鸡五香
素炒	素鸡爆炒
素炒	色素炒饭
素烧	素肉红烧
素烧	红烧素鸡红烧素鸡
素锅	砂锅素菜砂锅素菜
素锅	素食砂锅
素锅	素食菜火锅
素饭	素菜拼鸭肠炒饭
素饭	素菜砂锅牛肉炒饭
素饭	素食沙拉鸡扒焗饭
素饭	素鸡咸肉菜饭
素饭	素鸡培根蛋炒饭
素饭	素鸡杨州炒饭
素饭	素鸡炒饭
素饭	素鸡菜饭
素饭	素鸡蛋炒饭
素饭	素鸡酱香牛肉炒饭
素饭	素鸡酸豆角炒饭
素饭	素鸡青菜鸡蛋炒饭
素饭	素鸡香肠菜饭
素饭	素鸡骨头汤菜饭
素饭	素鸡卤蛋猪油咸肉菜饭
素包	五素包含
素包	韩素包装
素汤	灌汤素鸡灌汤素鸡
素汤	素面羊汤
素汤	素鸡大汤
素肉	素包猪肉
素肉	素肚烧饼夹牛肉
素肉	素菜秘制腊肉
素肉	素食可乐牛肉
素肉	素鸡饭咸肉
素肠	素菜香肠
素面	美素面筋
素面	酵素面包
素面	酵素面膜
素饼	酵素饼干
素鸡	卤素鸡煲
素鸡	激素鸡胸肉
素鸭	色素鸭肉干
素鸭	食素鸭血粉丝
紫皮	紫菜蛋汤虾皮
红双	粉红双星
红辣	红鱼香辣
红辣	麻辣红薯粉麻辣红薯粉
红丝	大红丝绒
红汤	小红汤圆
红汤	粉红汤圆粉
红汤	肉红汤面
红肉	牛肉红薯粉牛肉红薯粉
红肉	红焖瘦肉
红腰	小红腰带
红包	王红包装
红包	粉红包装
红印	张裕干红印象
红提	口红提盒
红提	大红提子
红提	小红提盒
红提	红心黑提
红提	红柚手提
红提	红玉菩提
红提	红茶青提
红提	红豆薏米粥菩提
红星	桃红星海
红星	粉红星河
红星	粉红星空
红果	丁红果茶
红果	大红果糖
红果	火红果实
红枣	大红枣肠
红柚	蜜柚红茶蜜柚红茶
红柚	西柚红茶西柚红茶
红柚	香柚红茶香柚红茶
红毛	粉红毛衣
红烧	兴红烧鳗
红烧	肉红烧鸡
红牛	三红牛奶
红牛	嫣红牛乳
红牛	粉红牛仔
红牛	粉红牛奶
红牛	阿红牛肉凉面
红牛	青红牛柳盖浇饭
红皮	红糖馒头赖皮
红米	小米红枣粥小米红枣粥
红米	椰汁西米红豆沙椰汁西米红豆沙
红米	糯米红枣糯米红枣
红米	紫米红豆奶茶紫米红豆奶茶
红米	红枣玉米
红米	红豆黑米
红米	红豆冰西米
红米	红豆沙牛奶西米
红米	薏米红豆薏米红豆
红米	薏米红豆沙薏米红豆沙
红米	薏米红豆粥薏米红豆粥
红米	西米红豆沙西米红豆沙
红米	香米红豆抹茶香米红豆抹茶
红米	黑米红枣粥黑米红枣粥
红米	黑米红豆粥黑米红豆粥
红糖	土红糖块
红糖	大红糖包
红糖	小红糖糕
红糖	干红糖水
红糖	枣红糖粥
红糖	粉红糖果
红花	小红花生米
红花	粉红花海
红花	黄飞红花生
红花	黎红花椒油
红茶	千红茶色
红茶	大红茶瓶
红茶	小红茶杯
红茶	小红茶瓶
红薯	红心火龙果凉薯
红豆	三红豆浆
红豆	王红豆汁
红豆	苏红豆腐
红酒	升红酒坛
红酒	口红酒杯
红酒	大红酒杯
红酒	小红酒杯
红酒	春红酒仙
红酒	春红酒鬼花生
红酒	苏红酒味
红酒	高红酒味
红麻	黄飞红麻辣花生
纯享	纯洁思享
纯生	纯棉女生
纯萃	纯正山萃
纱面	婚纱面膜
纷乐	缤纷乐园
纸胶	棉纸胶带
纸包	卡纸包装
纸包	和纸包装
纸包	报纸包装
纸包	粉纸包装
纸包	纸巾单包
纸包	纸巾大包
纸包	纸巾小包
纸包	绵纸包装
纸包	锡纸包菜
纸包	锡纸包装
纸包	锡纸包装盒
纸包	面纸包装
纸皮	纸袋牛皮
线面	线圈本硬面
细粉	仔细粉干
绿力	绿豆谷粒谷力
绿植	绿心猕猴桃种植
绿橙	绿茶鲜橙
罗红	费列罗红酒
羊火	小肥羊火锅底料
羊鲜	羊肉片新鲜
羊鲜	羊血新鲜
羊盆	水盆羊肉水盆羊肉
羊糕	羊杂汤红糖发糕
羊糕	羊角蛋糕
羊奶	三羊奶粉
羊奶	五羊奶茶
羊奶	小羊奶油水果蛋糕
羊奶	小羊奶油蛋糕
羊奶	山羊奶油芝士
羊奶	山羊奶粉
羊奶	山羊奶酪
羊奶	烤羊奶泡
羊奶	绵羊奶味
羊奶	绵羊奶粉
羊奶	黑羚羊奶袋
羊心	羊肉包同心
羊心	羊肉粉丝汤暖心
羊排	羊肉鸡排
羊排	羊肉串正新鸡排
羊杂	肥羊杂粮
羊杂	肥羊杂粮包
羊杂	肥羊杂粮面
羊杂	肥羊杂菌
羊杂	肥羊杂菌锅
羊杂	酸汤肥羊杂粮
羊汤	原汤羊肉原汤羊肉
羊汤	小肥羊汤料
羊油	原油羊腰原油羊腰
羊油	羊肉炒饭酱油
羊油	羊角奶油
羊油	羊角酥奶油
羊肉	东山羊肉松
羊肉	烤羊肉味
羊蛋	小羊蛋糕
羊蛋	山羊蛋糕
羊骨	羊肉串猪脆骨
羊骨	羊肉串鸡脆骨
美宝	四美宝塔菜
美宝	甜美宝石
美宝	精美宝蓝
美宝	美容大宝
美罗	精美罗马柱
美蛙	绝美蛙肉
羹汤	调羹汤匙
翅中	三汁焖鸡翅中锅
翅中	焖鸡翅中锅
翅中	鸭翅中微
老盐	椒盐老蛏椒盐老蛏
耳丝	木耳丝瓜炒鸡蛋
耳尖	木耳尖椒炒鸡蛋
耳套	凉拌木耳套餐
耳套	木耳套餐
耳套	爽口木耳套餐
耳套	猪耳套餐
肉加	卤肉加饭
肉加	牛肉加倍
肉加	牛肉加汤
肉加	牛肉加码
肉加	鸡肉加料
肉大	小份牛肉大葱
肉大	牛肉大葱
肉大	牛肉大葱水饺
肉大	猪肉大葱水饺
肉大	猪肉大葱馅
肉大	羊肉大葱
肉大	鲜肉大包
肉拌	咖喱牛肉拌饭酱
肉拌	金牌卤肉拌饭
肉桶	老坛酸菜牛肉桶面
肉椒	尖椒肉丝尖椒肉丝
肉椒	尖椒肉丝炒面尖椒肉丝炒面
肉椒	尖椒肉片尖椒肉片
肉椒	泡椒肉丝面泡椒肉丝面
肉椒	黑椒肉排黑椒肉排
肉椰	果肉椰汁
肉泡	牛肉泡馍
肉灌	牛肉灌汤包
肉灌	猪肉灌汤包
肉火	脆皮牛肉火烧
肉锅	回锅肉片回锅肉片
肉锅	猪肉锅贴
肉卷	bbq鸡肉卷边比萨
肉卷	五香牛肉卷饼
肉卷	五香驴肉卷饼
肉卷	凯撒鸡肉卷饼
肉卷	卤肉卷饼
肉卷	双层牛肉卷饼
肉卷	咖喱牛肉卷饼
肉卷	土耳其烤肉卷饼
肉卷	墨西哥牛肉卷饼
肉卷	墨西哥鸡肉卷饼
肉卷	奥尔良鸡肉卷饼
肉卷	嫩滑牛肉卷饼
肉卷	孜然牛肉卷饼
肉卷	孜然羊肉卷饼
肉卷	家乡牛肉卷饼
肉卷	扣肉卷饼
肉卷	拌牛肉卷饼
肉卷	招牌卤肉卷饼
肉卷	普通牛肉卷包
肉卷	烟熏鸭肉卷饼
肉卷	烤肉卷饼
肉卷	熏肉卷饼
肉卷	熏鸡肉卷饼
肉卷	牛肉卷饼
肉卷	特色卤肉卷饼
肉卷	特色鸡肉卷进
肉卷	猪肉卷饼
肉卷	秘制鸡肉卷饼
肉卷	精瘦肉卷饼
肉卷	绝味牛肉卷饼
肉卷	羊肉卷盘
肉卷	羊肉卷饼
肉卷	蟹肉卷饼
肉卷	酥肉卷饼
肉卷	酱爆鸭肉卷饼
肉卷	酱肉卷饼
肉卷	酸菜猪肉卷饼
肉卷	风味烤肉卷饼
肉卷	风味牛肉卷饼
肉卷	飘香卤肉卷饼
肉卷	飘香牛肉卷饼
肉卷	香烤牛肉卷饼
肉卷	香辣羊肉卷面
肉卷	香酥鸡肉卷饼
肉卷	驴肉卷饼
肉卷	鸡肉卷饼
肉卷	鸭肉卷饼
肉卷	黑椒牛肉卷边披萨
肉卷	黑椒牛肉卷饼
肉卷	黑椒鸡肉卷饼
肉卷	黑椒鸭肉卷饼
肉炒	咖喱牛肉炒饭
肉炒	咖喱鸡肉炒饭
肉炒	孜然羊肉炒菜
肉炒	孜然羊肉炒面
肉炒	孜然羊肉炒饭
肉炒	孜然鸡肉炒饭
肉炒	小炒肉丝小炒肉丝
肉炒	川香腊肉炒饭
肉炒	广式腊肉炒饭
肉炒	烤肉炒饭
肉炒	熏肉炒饭
肉炒	牛肉炒面
肉炒	羊肉炒面
肉炒	腊肉炒饼
肉炒	腊肉炒饭
肉炒	鸡肉炒饭
肉炒	鸭肉炒饭
肉面	招牌牛肉面粉
肉面	泡椒牛肉面袋
肉面	牛肉面条
肉面	牛肉面粉
肉面	红烧牛肉面粉
肉面	羊肉面条
肉面	肉片焖面
肉面	鲜肉面粉
肉饭	劲爆牛肉饭叉
肉饭	卤肉饭团
肉饭	咖喱鸡肉饭团
肉饭	奥尔良鸡肉饭团
肉饭	孜然烤肉饭团
肉饭	梅干菜扣肉饭汤
肉饭	梅菜扣肉饭汤
肉饭	烤肉饭团
肉饭	照烧牛肉饭团
肉饭	牛肉饭团
肉饭	特色鸡肉饭团
肉饭	猪肉饭单
肉饭	绝味牛肉饭团
肉饭	肉丸汤黄焖鸡米饭
肉饭	肉片蛋炒饭
肉饭	肉酥招牌拌饭
肉饭	黑椒牛肉饭团
肉香	土豆牛肉香酥
肉合	双汇冷鲜肉合作
肉夹	土耳其烤肉夹膜
肉夹	墨西哥牛肉夹饼
肉夹	扣肉夹饼
肉夹	果肉夹心
肉夹	烤肉夹膜
肉夹	熏肉夹饼
肉夹	牛肉夹心
肉夹	牛肉夹沙
肉夹	牛肉夹膜
肉夹	牛肉夹饼
肉夹	笋肉夹饼
肉夹	精瘦肉夹膜
肉夹	纯瘦肉夹膜
肉夹	肉饼藕夹
肉夹	肉鸡饼夹
肉夹	铁板羊肉夹饼
肉夹	黑椒牛肉夹饼
肉拼	卤肉拼盘
肉柳	肉松寿司鸡柳
肉滑	牛肉滑条
肉滑	牛肉滑肠
肉滑	鱼肉滑嫩
肉粥	骨肉粥碗
肉纸	肉皮锡纸
肉纸	肉糜粉丝锡纸
肉菜	梅菜肉饼梅菜肉饼
肉菜	榄菜肉末四季豆榄菜肉末四季豆
肉菜	榨菜肉丝榨菜肉丝
肉菜	榨菜肉丝汤榨菜肉丝汤
肉菜	榨菜肉丝炒饭榨菜肉丝炒饭
肉菜	榨菜肉丝粉榨菜肉丝粉
肉菜	榨菜肉丝面榨菜肉丝面
肉菜	榨菜肉丝饭榨菜肉丝饭
肉菜	泡菜肉丝泡菜肉丝
肉菜	牛肉菜心粥
肉菜	肉丁面梅菜
肉菜	肉丝酸菜
肉菜	肉丝面紫菜
肉菜	肉末花菜
肉菜	肉燕紫菜
肉菜	肉片莲菜
肉菜	肉片饭青菜
肉菜	芹菜肉丝芹菜肉丝
肉菜	芹菜肉包芹菜肉包
肉菜	芹菜肉馅芹菜肉馅
肉菜	酸菜肉丝汤面酸菜肉丝汤面
肉菜	酸菜肉丝米粉酸菜肉丝米粉
肉菜	酸菜肉丝米线酸菜肉丝米线
肉菜	酸菜肉丝面酸菜肉丝面
肉菜	酸菜肉丸酸菜肉丸
肉菜	酸菜肉末酸菜肉末
肉菜	酸菜肉片酸菜肉片
肉菜	雪菜肉丝雪菜肉丝
肉菜	雪菜肉丝面雪菜肉丝面
肉菜	青菜肉丝青菜肉丝
肉菜	青菜肉丝汤面青菜肉丝汤面
肉菜	韭菜肉丁韭菜肉丁
肉菜	韭菜肉丝韭菜肉丝
肉菜	韭菜肉馅韭菜肉馅
肉菜	香菜肉丝豆腐羹香菜肉丝豆腐羹
肉螺	肉串烤田螺
肉螺	肉串田螺
肉螺	蟹肉螺蛳粉
肉骨	剔骨肉豆汤饭剔骨肉豆汤饭
肉骨	咖喱牛肉骨汤
肉骨	咸肉骨头汤
肉骨	咸肉骨头汤菜饭
肉骨	小酥肉骨汤
肉骨	拆骨肉汤拆骨肉汤
肉骨	梅干菜扣肉骨头汤
肉骨	梅菜扣肉骨头汤
肉骨	牛肉骨头
肉骨	牛肉骨头汤
肉骨	牛肉骨汤
肉骨	牛肉骨汤米线
肉骨	牛肉骨髓
肉骨	瘦肉骨汤
肉骨	米粉蒸肉骨头汤
肉骨	羊肉骨头汤
肉骨	羊肉骨汤米粉
肉骨	肉丝排骨
肉骨	肉圆汤排骨
肉骨	肉干剔骨
肉骨	肉排脆骨
肉骨	脆骨肉丸脆骨肉丸
肉骨	酥肉骨汤米粉
肉骨	酱肉骨汤
肉骨	香菇瘦肉骨汤
肉骨	鸡肉骨汤乌冬面
肉龙	卤肉龙虾
肉龙	卤肉龙虾丸
肉龙	咸肉龙头菜
肉龙	四川腊肉龙虾球
肉龙	小鲜肉龙虾小份
肉龙	烟肉龙豆
肉龙	烤肉龙虾
肉龙	牛肉龙口粉丝
肉龙	猪肉龙眼
肉龙	猪肉龙骨
肉龙	飘香牛肉龙虾
肉龙	鲜肉龙虾
肉龙	鸡肉龙虾蛋
肉龙	鸡肉龙骨
肉丝	肉串金丝
肉丝	肉丸金丝
肉丝	肉包粉丝
肉丝	肉松年糕雪菜笋丝
肉丝	肉汤粉丝
肉丝	肉球蛋丝
肉丝	肉饼藕丝
肉丝	金丝肉松金丝肉松
肉丝	金丝肉松饼金丝肉松饼
肉包	乡村老腊肉包括
肉包	剁椒牛肉包饭
肉包	卤肉包菜炒饭
肉包	咖喱牛肉包饭
肉包	咸肉包菜
肉包	土豆牛肉包饭
肉包	奥尔良烤肉包饭
肉包	孜然烤肉包菜
肉包	孜然牛肉包饭
肉包	小鲜肉包袋
肉包	干锅腊肉包菜
肉包	拆骨肉包菜
肉包	沙拉烤肉包饭
肉包	炒猪肉包饭
肉包	炭烤牛肉包饭
肉包	炭烤猪肉包饭套餐
肉包	烤牛肉包饭
肉包	烤肉包菜
肉包	烤肉包饭
肉包	焖肉包浆豆腐
肉包	牛肉包芯
肉包	牛肉包菜
肉包	牛肉包菜粉丝
肉包	牛肉包谷
肉包	牛肉包面
肉包	牛肉包饭
肉包	特色牛肉包面
肉包	特色牛肉包饭
肉包	猪肉包皮
肉包	猪肉包芯
肉包	猪肉包芯丸
肉包	猪肉包面
肉包	猪肉包菜
肉包	猪肉包饭
肉包	生牛肉包面
肉包	生肉包袋
肉包	瘦肉包圆
肉包	瘦肉包菜
肉包	瘦肉包菜炒饭
肉包	碳烤牛肉包饭
肉包	秘制鸡肉包饭
肉包	笋肉包热
肉包	红烧牛肉包装
肉包	红烧牛肉包面
肉包	羊肉包膜
肉包	羊肉包菜
肉包	羊肉包菜汤
肉包	羊肉包面
肉包	老坛酸菜牛肉包面
肉包	耗油牛肉包菜
肉包	腊肉包菜
肉包	腊肉包菜干锅
肉包	腊肉包装
肉包	腊肉包装盒
肉包	腊肉包谷
肉包	腊肉包饭
肉包	腌肉包菜
肉包	芝士牛肉包饭
肉包	虾仁鲜肉包头
肉包	蟹肉包饭
肉包	酸菜牛肉包面
肉包	锡纸牛肉包饭
肉包	驴肉包装盒
肉包	鲜肉包浆豆腐
肉包	鲜肉包菜
肉包	鲜肉包袱饺
肉包	鲜肉包面
肉包	黑椒牛肉包脚布
肉包	黑椒牛肉包角
肉圆	手工牛肉圆葱
肉圆	烤牛肉圆饼
肉圆	牛肉圆葱
肉圆	牛肉圆葱水饺
肉圆	牛肉圆葱蒸饺
肉圆	牛肉圆葱饺子
肉圆	牛肉圆葱馅饼
肉圆	猪肉圆葱
肉圆	猪肉圆葱馅饼
肉圆	羊肉圆葱
肉圆	驴肉圆葱
肉圆	鸡肉圆椒
肉圆	鸡肉圆葱
肉干	削骨肉干贝粥
肉干	大蒜咸肉干丝
肉干	烤肉干吃面
肉干	烤肉干脆面
肉干	烤肉干调
肉干	熏肉干酪
肉干	牛肉干贝粥
肉干	猪肉干椒
肉干	瘦肉干贝粥
肉干	羊肉干丝
肉干	腊肉干椒
肉干	腊肉干肠
肉干	葱香牛肉干脆面
肉干	蟹肉干贝粥
肉条	肉丝梅条
肉条	肉丝油条
肉条	肉丝粉条
肉条	肉丝酸萝卜粉条
肉条	肉丝银条
肉条	肉丝黄豆芽炒粉条
肉条	肉丝汤粉条
肉条	肉丝汤细条
肉条	肉丝炒饭辣条
肉条	肉丝炒饼辣条
肉条	肉丝盖浇饭粉条
肉条	肉丝盖饭粉条
肉条	肉串烤牛肋条
肉条	肉串薯条
肉条	肉串辣条
肉条	肉丸粉条
肉条	肉包油条
肉条	肉干气条
肉条	肉末油条
肉条	肉末烧茄子排骨酸菜炖粉条
肉条	肉松油条
肉条	肉松薯条
肉条	肉松蛋饼卷油条
肉条	肉松辣条
肉条	肉松包饭小薯条
肉条	肉松煎饼果子辣条
肉条	肉松酥长条
肉条	肉松饭团油条
肉条	肉松鸡蛋油条
肉条	肉松鸡蛋饼油条
肉条	肉汤梅条
肉条	肉汤肋条
肉条	肉片套餐黄豆芽粉条
肉条	肉筋蘑菇粉条
肉条	肉肚肋条
肉条	肉肠小薯条
肉条	肉肠薯条
肉条	肉酱薯条
肉条	肉饼粉条
肉条	酸菜粉条肉丝酸菜粉条肉丝
肉条	麻辣牛肉条粉
肉松	卤肉松花
肉松	卤肉松花鸡腿
肉松	扣肉松阪
肉松	牛肉松手
肉松	牛肉松籽
肉松	牛肉松花肠
肉松	牛肉松茸
肉松	牛肉松露披萨
肉松	牛肉松饼
肉松	牛肉松香
肉松	猪肉松粉
肉松	猪肉松茸
肉松	猪肉松软
肉松	罗勒鸡肉松子
肉松	罗勒鸡肉松子面
肉松	腊肉松西
肉松	金丝牛肉松手
肉松	青酱鸡肉松子
肉松	香烤鸡肉松露
肉松	香草鸡肉松子
肉松	鱼肉松手
肉松	鸡肉松茸
肉松	鸭肉松籽烧麦
肉松	黑椒牛肉松饼套餐
肉枣	炸肉枣肠
肉枣	肉末红枣
肉枣	鸭肉枣肠
肉桂	五香牛肉桂林
肉桂	五香牛肉桂林米粉
肉桂	卤牛肉桂林米粉
肉桂	卤肉桂林
肉桂	卤肉桂林米粉
肉桂	叉烧牛肉桂林米粉
肉桂	扣肉桂林米粉
肉桂	火锅牛肉桂林米粉
肉桂	牛肉桂林
肉桂	牛肉桂花肠米线
肉桂	牛肉桂林米粉
肉桂	牛肉桂林粉
肉桂	甜肉桂圆
肉桂	瘦肉桂林米粉
肉桂	红烧牛肉桂林米粉
肉桂	羊肉桂林
肉桂	腊肉桂花肠
肉桂	香辣牛肉桂林米粉
肉桂	鲜肉桂林
肉桂	鲜肉桂林米粉
肉桂	鸡肉桂林米粉
肉桂	鸡肉桂花肠米线
肉桂	鸭肉桂林米粉
肉桂	麻辣牛肉桂林米粉
肉汤	元肉汤圆
肉汤	全牛肉汤饺
肉汤	手工鲜肉汤圆
肉汤	潮汕鲜牛肉汤面
肉汤	澳洲牛肉汤河
肉汤	白切羊肉汤饭
肉汤	荠菜猪肉汤圆
肉汤	荠菜鲜肉汤圆
肉汤	鲜肉汤圆
肉汤	麻辣牛肉汤圆粉
肉泥	肉丸芋泥
肉泥	肉松芋泥
肉泥	肉松蛋糕芋泥
肉泥	肉馅芋泥
肉燕	炸肉燕麦牛奶
肉狗	牛肉狗粮
肉皮	咸肉皮蛋
肉皮	咸肉皮蛋粥
肉皮	四川酥肉皮蛋粥
肉皮	拆骨肉皮蛋粥
肉皮	油条牛肉皮蛋
肉皮	滑蛋牛肉皮蛋粥
肉皮	烟熏鸡肉皮塔
肉皮	烤牛羊肉皮塔
肉皮	烧椒牛肉皮蛋
肉皮	牛肉皮塔
肉皮	牛肉皮塔饼
肉皮	牛肉皮萨
肉皮	牛肉皮蛋
肉皮	牛肉皮蛋粥
肉皮	猪肉皮蛋
肉皮	猪肉皮蛋粥
肉皮	生滚牛肉皮蛋
肉皮	生滚牛肉皮蛋粥
肉皮	瘦肉皮蛋
肉皮	瘦肉皮蛋粥
肉皮	砂锅牛肉皮蛋粥
肉皮	羊肉皮带面
肉皮	至尊牛肉皮萨
肉皮	蟹肉皮蛋
肉皮	辣烤牛肉皮萨
肉皮	酥肉皮蛋粥
肉皮	香草鸡肉皮塔
肉皮	鲜肉皮蛋
肉皮	鲜肉皮蛋馄饨
肉皮	鸡肉皮带面
肉皮	鸡肉皮萨
肉皮	鸡肉皮蛋粥
肉皮	鸭肉皮蛋粥
肉粉	瘦肉粉干
肉蛋	小鲜肉蛋糕
肉蛋	蓝莓果肉蛋糕
肉蛋	鸡蛋肉松鸡蛋肉松
肉蛋	鸡蛋肉松手抓饼鸡蛋肉松手抓饼
肉酱	卤肉酱油蛋炒饭
肉酱	腊肉酱油炒饭
肉饼	五香牛肉饼干
肉饼	孜然烤肉饼干
肉饼	巴西烤肉饼干
肉饼	手工牛肉饼干
肉饼	果肉饼干
肉饼	椰肉饼干
肉饼	烤牛肉饼干
肉饼	牛肉饼干
肉饼	芝士牛肉饼干
肉饼	香烤牛肉饼干
肉饼	香牛肉饼干
肉饼	香葱鸡肉饼干
肉饼	高钙牛肉饼干
肉饼	鸡肉饼干
肉鸡	牛肉鸡蛋
肉鸡	芝士牛肉鸡蛋堡
肉鸡	鲜牛肉鸡蛋炒米粉
肚鸡	牛肚鸡蛋
肚鸡	牛肚鸡蛋煎饼
肚鸡	牛肚鸡柳千张
肚鸡	猪肚鸡粉
肚鸡	胡椒炖猪肚鸡汤
肥牛	减肥牛奶
肥牛	加肥牛肉
肥牛	鱼肥牛油
肥瘦	减肥瘦身
胃药	养胃药膳
胃药	暖胃药膳猪肚
胃酸	开胃酸梅汁
胃酸	开胃酸菜
胃酸	开胃酸菜乌江鱼
胃酸	开胃酸菜包
胃酸	开胃酸菜牛蛙
胃酸	开胃酸菜羊肉锅
胃酸	开胃酸菜肉片汤
胃酸	开胃酸菜面
胃酸	开胃酸菜黑鱼
胃酸	开胃酸奶
胃酸	开胃酸菜汤
胃酸	开胃酸菜鱼
胡辣	胡椒香辣
胡辣	胡豆香辣
胡豆	小胡豆袋
胶东	烤胶东大
胶布	乳胶布绒
胶布	橡胶布面
胶带	浸胶带勾
胶水	东阿阿胶水晶枣
胶水	乳胶水嫩
胶水	凝胶水果糖
胶水	塑胶水桶
胶水	桃胶水果
胶水	桃胶水果捞
胶水	硅胶水杯
胶水	硅胶水袋
胶水	蜂胶水晶
胶水	阿胶水晶
胶水	阿胶水晶枣
胶水	鲜奶桃胶水果捞
胶纸	胶带棉纸
胶衣	胶囊洗衣
脆香	小脆香瓜
脆香	小脆香米
脆香	酥脆香蕉片
脆肉	烤肉脆皮鸡烤肉脆皮鸡
脆肉	猪肉脆骨猪肉脆骨
脆肉	脆皮鸡精品烤肉
脆肉	脆皮鸡黑椒烤肉
脆片	脆皮麦片
脆片	脆皮烤鸭酸菜黑鱼片
脆片	脆肠瓦片
脆瓜	脆笋冬瓜
脖套	香辣鸡脖套餐
脖套	鸡脖套餐
脖套	鸭脖套餐
脸盆	笑脸盆栽
腊豆	土豆腊肉土豆腊肉
腊豆	腊肠清香土豆
腊豆	腊肠紫菜包饭糖纳豆
腊豆	腊肠紫菜包饭红豆
腐皮	日本豆腐皮蛋
腐皮	虾米豆腐皮蛋瘦肉粥
腐皮	豆腐皮蛋
腐皮	青菜豆腐皮蛋汤
腐竹	千叶豆腐竹桶饭
腐竹	千叶豆腐竹筒
腐竹	千叶豆腐竹筒饭
腐竹	毛豆腐竹鸡
腐竹	肉末豆腐竹筒饭
腐竹	豆腐竹王
腐竹	鱼豆腐竹筒饭
腐竹	麻婆豆腐竹筒饭
腐衣	豆腐衣袋
腰花	双腰花粉
腰花	小蛮腰花瓶
腰花	小蛮腰花盒
腰花	收腰花瓶
腰花	细腰花瓶
腿肉	火腿肉松
腿肉	鸡蛋火腿肉松
膜粉	面膜粉色
自提	自省黑提
自提	自选红提
臭干	除臭干燥剂
致优	精致优雅
色拉	三色拉茶
色拉	东北特色拉皮
色拉	彩色拉链
色拉	果色拉胡
色拉	淡色拉格
色拉	特色拉丝铁锅芝士年糕
色拉	特色拉皮
色拉	特色拉面
色拉	白色拉丝
色拉	配色拉软
色拉	面色拉加
色素	双色素鸡
色素	特色素汤
色素	特色素菜
色素	特色素菜包
色素	特色素面
色素	特色素食
色素	特色素饼
色素	特色素鸡
色素	特色素鸭
色素	白色素雅
色素	绿色素肉
芋丸	芋头饭肉丸
芋丸	芋头饭豆腐肉丸
芋儿	芋头欧儿
芋头	芋艿剁椒鱼头
芋头	芋艿汤骨头
芋子	芋圆汤莲子
芋泥	毛芋泥鳅
芋泥	毛芋泥鳅汤
芋泥	毛芋泥鳅火锅
芋泥	毛芋泥鳅锅仔
芋泥	香芋泥鳅煲
芋泥	鲜芋泥石流
花拌	凉拌花生凉拌花生
花拌	凉拌花生米凉拌花生米
花拌	凉拌花甲凉拌花甲
花粥	花卷清火白粥
花山	花束雪山
花牛	五花牛肉盖饭
花牛	兰花牛柳
花牛	干锅菜花牛腩
花牛	开花牛丸
花牛	开花牛筋丸
花牛	开花牛肉丸
花牛	松花牛肉
花牛	极品雪花牛腱
花牛	桂花牛乳
花牛	桂花牛奶
花牛	桂花牛皮糖
花牛	桂花牛肉
花牛	樱花牛乳
花牛	樱花牛肉松
花牛	澳洲雪花牛仔骨
花牛	澳洲雪花牛排肉
花牛	烤雪花牛排
花牛	烤雪花牛肉粒
花牛	烤雪花牛舌
花牛	秘制豆花牛肉
花牛	腰花牛肉拌川
花牛	腰花牛肉粉面
花牛	腰花牛肉面
花牛	至尊雪花牛扒饭
花牛	菜花牛肉粥
花牛	葱花牛肉
花牛	西柿雪花牛肉面
花牛	豆花牛乳
花牛	豆花牛柳
花牛	豆花牛肉
花牛	豆花牛蛙
花牛	野菜花牛肉丝
花牛	雪花牛肉粥
花牛	雪花牛脊肉
花牛	雪花牛仔粒
花牛	雪花牛仔骨
花牛	雪花牛扒
花牛	雪花牛排
花牛	雪花牛柳
花牛	雪花牛肉片
花牛	雪花牛肉粒
花牛	雪花牛肩
花牛	雪花牛舌
花牛	香辣豆花牛肉
花牛	麻花牛腩煲
花牛	黄花牛肉面
花牛	黑椒雪花牛肉粒
花肉	腰花肉丝面
花肉	菜花肉片饭
花肉	葱花肉丸
花肉	葱花肉饼
花肉	豆花肉丸
花干	花生压缩饼干
花肠	花生米肥肠
花肠	花甲粉秘制肥肠
花饭	樱花饭团
花饭	浪漫樱花饭团
花饭	花旗参乌鸡汤青椒牛肉炒饭
花饭	花枝丸肉丝炒饭
花饭	花生奶米饭
花饭	花生牛奶铁板牛肉炒饭
花饭	花生米米饭
花饭	花甲汤饭
花饭	花甲粉海鲜炒饭
花饭	花菜下饭
花卷	五香肘花卷饼
花卷	冰花卷子
花卷	印花卷纸
花卷	压花卷纸
花卷	大花卷儿
花卷	大花卷子
花卷	拉花卷筒
花卷	梅花卷纸
花卷	槐花卷饼
花卷	熏肘花卷饼
花卷	秘制肘花卷饼
花卷	肘花卷饼
花卷	荷花卷包
花卷	莲花卷筒
花卷	葱花卷肉
花卷	葱花卷饼
花卷	豆花卷粉
花卷	酱香肘花卷饼
花卷	青花卷纸
花卷	麻花卷儿
花椒	小麻花椒盐味
花椒	蜜麻花椒盐味
花椒	雪花椒盐排条
花椒	雪花椒盐臭豆腐
花椒	雪花椒盐鸡柳
花椒	麻花椒盐味
花王	葱花王五
花王	鲜花王冠
花瓶	插花瓶粉
花瓶	樱花瓶装
花瓶	老雪花瓶装
花瓶	雪花瓶装
花生	插花生日蛋糕
花生	桃花生姜
花生	浪漫樱花生日蛋糕
花生	莲花生粉
花生	裱花生日
花生	裱花生日蛋糕
花生	雕花生日蛋糕
花生	雪花生啤
花生	雪花生日蛋糕
花生	韩式裱花生日蛋糕
花生	鲁花生鲜
花生	鲜花生日
花生	鲜花生日蛋糕
花甲	粉花甲油
花甲	粉花甲鱼
花甲	花蛤沙甲
花甲	花蛤龙门飞甲
花甲	鲜花甲鱼
花甲	麻花甲鱼
花白	插花白色
花白	菊花白色
花白	菊花白菊
花粉	插花粉色
花粉	鲜花粉色
花胶	烧花胶筒
花胶	纸花胶带
花胶	金莲花胶囊
花茶	刻花茶瓶
花茶	莲花茶油
花茶	菊花茶杯
花茶	菊花茶饮
花茶	青花茶具
花茶	鲜花茶点
花菜	干菜花生干菜花生
花菜	梅菜花生梅菜花生
花菜	梅菜花生米梅菜花生米
花菜	老醋菠菜花生老醋菠菜花生
花菜	老醋菠菜花生米老醋菠菜花生米
花菜	花枝卷紫菜
花菜	花枝片酸菜
花菜	花生凉拌芹菜
花菜	花生拌芹菜
花菜	花生炝芹菜
花菜	花生糟菜
花菜	花生蔬菜
花菜	花生雪菜
花菜	花生青菜
花菜	花生韭菜
花菜	花生仁香菜
花菜	花生包韭菜
花菜	花生油韭菜
花菜	花生米四川泡菜
花菜	花生米干菜
花菜	花生米波菜
花菜	花生米炝芹菜
花菜	花生米雪菜
花菜	花生米青菜
花菜	花甲咸菜
花菜	花甲酸菜
花菜	花甲韭菜
花菜	花甲套餐酸菜
花菜	花甲汤咸菜
花菜	花甲汤酸菜
花菜	花甲米线酸菜
花菜	花甲粉酸菜
花菜	花甲粉锡纸蔬菜
花菜	花甲粉丝酸菜
花菜	花甲鸡酸菜
花菜	花篓蔬菜
花菜	花粉油菜
花菜	花约白菜
花菜	花蛤酸菜
花菜	花蛤韭菜
花菜	花蛤汤咸菜
花菜	花蛤汤青菜
花菜	花蛤粥青菜
花菜	花鱼酸菜
花菜	花鲢大白菜
花菜	花鲢白菜
花菜	芹菜花生芹菜花生
花菜	芹菜花生米芹菜花生米
花菜	苔菜花生苔菜花生
花菜	苔菜花生米苔菜花生米
花菜	菠菜花生菠菜花生
花菜	菠菜花生米菠菜花生米
花菜	陈醋菠菜花生陈醋菠菜花生
花菜	陈醋菠菜花生米陈醋菠菜花生米
花菜	香菜花生香菜花生
花菜	香菜花生米香菜花生米
花菜	鲁花菜籽
花菜	鲁花菜籽油
花蓝	樱花蓝莓
花蓝	花纹浅蓝
花螺	梅花螺丝刀
花螺	腰花螺蛳粉
花螺	麻花螺蛳粉
花蟹	小麻花蟹黄味
花蟹	桂花蟹粉
花蟹	樱花蟹柳卷
花蟹	樱花蟹棒
花蟹	樱花蟹籽手卷
花蟹	樱花蟹肉
花蟹	樱花蟹肉卷
花蟹	红花蟹脚
花蟹	腰花蟹柳
花蟹	莲花蟹黄
花蟹	雪花蟹棒
花西	雪花西冷牛排
花豆	红豆花生红豆花生
花豆	花束红豆
花鸡	有机菜花鸡蛋西红柿
芽菜	豆芽菜单
芽菜	黄芽菜油
苏小	乌苏小麦
苏打	祖苏打气
茄丝	番茄丝瓜面筋
茄夹	番茄夹心
茄饼	番茄饼干
茄盒	小番茄盒装
茄盒	番茄盒子
茄盒	番茄盒装
茉茶	茉莉味统一绿茶
茶切	绿茶切片
茶岩	茶盖红岩
茶橘	茶杯金橘
茶鸡	丝袜奶茶鸡蛋仔
茶鸡	抹茶鸡蛋仔
茶鸡	热奶茶鸡腿汉堡
茶麦	北海道奶茶麦片
茶麦	奶茶麦香
茶麦	抹茶麦圈
茶麦	统一奶茶麦香
茶麦	茶叶蛋港式烧麦
茶杯	伯爵红茶杯子蛋糕
茶杯	冷泡茶杯子
茶杯	奶茶杯子
茶杯	抹茶杯子
茶杯	抹茶杯子蛋糕
茶水	宇治抹茶水果捞
茶水	宇治抹茶水果蛋糕
茶水	抹茶水果
茶水	抹茶水果千层蛋糕
茶水	抹茶水果华夫
茶水	抹茶水果嘉年华
茶水	抹茶水果奶油裸蛋糕
茶水	抹茶水果慕斯蛋糕
茶水	抹茶水果盒
茶水	抹茶水果蛋糕
茶水	抹茶水果裸蛋糕
茶水	白茶水漾
茶汤	姜茶汤圆
茶汤	抹茶汤圆
茶汤	抺茶汤圆
茶汤	油茶汤圆
茶糕	茶歇提拉米苏蛋糕
茶肠	茶蛋烤肠
茶蛋	乌瓦红茶蛋糕
茶蛋	京都宇治抹茶蛋糕卷
茶蛋	伯爵奶茶蛋糕
茶蛋	伯爵红茶蛋糕
茶蛋	千层抹茶蛋糕
茶蛋	和风抹茶蛋糕
茶蛋	奶盖珍珠奶茶蛋糕
茶蛋	奶茶蛋糕
茶蛋	宇治抹茶蛋糕
茶蛋	宇治抹茶蛋糕卷
茶蛋	寒天奶茶蛋糕
茶蛋	抹茶蛋糕夹
茶蛋	抹茶蛋黄
茶蛋	抹茶蛋黄布丁
茶蛋	抹茶蛋黄月饼
茶蛋	抹茶蛋黄派
茶蛋	抹茶蛋卷
茶蛋	抹茶蛋挞
茶蛋	抹茶蛋糕
茶蛋	抹茶蛋糕卷
茶蛋	抹茶蛋黄酥
茶蛋	抺茶蛋糕
茶蛋	招牌红茶蛋糕
茶蛋	日式抹茶蛋糕
茶蛋	沙茶蛋饺面
茶蛋	波波奶茶蛋糕
茶蛋	泰国红茶蛋糕
茶蛋	清新抹茶蛋糕
茶蛋	焙茶蛋糕
茶蛋	爆浆珍珠奶茶蛋糕
茶蛋	珍珠奶茶蛋糕
茶蛋	珍珠奶茶蛋糕卷
茶蛋	珍珠奶茶蛋糕盒子
茶蛋	珍珠红茶蛋糕
茶蛋	相思抹茶蛋糕
茶蛋	红豆抹茶蛋糕
茶蛋	经典抹茶蛋糕
茶蛋	绿茶蛋糕
茶蛋	芋圆奶茶蛋糕
茶蛋	芝士抹茶蛋糕
茶蛋	阿萨姆奶茶蛋糕
茶蛋	黄桃抹茶蛋糕
茶蛋	黑糖珍珠奶茶蛋糕
茶袋	奶茶袋装
茶饼	抹茶饼干
茶饼	早茶饼干
茶饼	茶蛋牛肉圆葱馅饼
草果	甘草果盘
草果	香草果奶
草果	麦草果昔
草菇	甘草菇娘
草虾	香草虾仁意面
草酸	甘草酸梅汁
草酸	芋圆仙草酸奶
草酸	香草酸奶
草鱼	干草鱼块
草鱼	水草鱼尾
草鱼	海草鱼仔
草鱼	海草鱼子酱
草鱼	海草鱼子饭团
草鱼	海草鱼籽
草鱼	海草鱼籽福袋
草鱼	海草鱼籽饭团
草鱼	香草鱼排
草鱼	香草鱼池奶茶
草鱼	香草鱼池茶奶
草鱼	香草鱼饼
草鸡	冰草鸡肉沙拉
草鸡	北虫草鸡汤
草鸡	小草鸡片
草鸡	山草鸡蛋
草鸡	本草鸡饭
草鸡	杀草鸡肉
草鸡	水草鸡蛋
草鸡	猫草鸡肉棒
草鸡	虫草鸡丝
草鸡	虫草鸡丝粥
草鸡	虫草鸡蛋
草鸡	虫草鸡汤
草鸡	青草鸡毛菜
草鸡	香草鸡丝
草鸡	香草鸡爪
草鸡	香草鸡胸
草鸡	香草鸡胸排
草鸡	香草鸡胸肉
草鸡	香草鸡腿
草鸡	香草鸡腿汉堡
草鸡	香草鸡蛋
草鸡	香草鸡排
草鸡	香草鸡片
草鸡	香草鸡肉
草鸡	香草鸡肉三明治
草鸡	香草鸡肉卷
草鸡	香草鸡肉披萨
草鸡	香草鸡肉拉法卷
草鸡	香草鸡肉空心面
荞麦	苦荞麦芽糖醇
药水	国药水鱼煲鸡
菊花	苦菊花生米
菜小	干锅包菜小炒
菜炒	包菜炒饭
菜炒	紫菜炒饭
菜炒	酸菜炒饭
菜炒	青菜炒饭
菜热	干锅花菜热销
菜热	蔬菜热狗
菜猪	酸菜猪肝
菜猪	酸菜猪血汤
菜米	泡菜米线
菜米	素菜米线
菜米	青菜米线
菜葱	菜花洋葱
菜果	配菜果饮
菜果	野菜果汁饮料
菜果	青菜果汁
菜茶	手撕包菜茶油
菜茶	配菜茶叶蛋
菜茶	青菜茶叶蛋
菜茶	青菜茶饮
菜茶	香菜茶汤
菜角	韭菜角子
菜角	韭菜角美
菜面	小青菜面筋
菜面	油淋青菜面筋
菜面	白菜面巾
菜面	白菜面筋
菜面	菠菜面块
菜面	菠菜面筋
菜面	酸菜面粉
菜面	酸菜面袋
菜面	雪菜面粉
菜面	青菜面粉
菜面	青菜面筋
菜面	青菜面筋煲
菜面	香菇青菜面筋煲
菜刀	名菜刀板香
菜刀	干菜刀豆
菜刀	有机蔬菜刀豆
菜刀	梅菜刀豆
菜刀	榄菜刀豆
菜刀	生态蔬菜刀豆
菜刀	雪菜刀豆
菜头	菜谱煎蛋小馒头
菜干	发菜干贝羹
菜干	紫菜干饭
菜干	鲜菜干面
菜心	广菜心切
菜心	油菜心约
菜心	炒菜心苗
菜心	白菜心约
菜心	白菜心苗
菜心	红菜心约
菜板	新鲜野菜板兰根
菜板	菜饭铁板
菜板	菠菜板面
菜板	铁板菜花铁板菜花
菜汤	上汤菜心上汤菜心
菜油	大白菜油炸
菜油	干菜油封
菜油	白菜油渣
菜油	紫菜油条
菜油	紫菜油条汤
菜油	酸菜油渣
菜油	雪菜油渣
菜油	雪菜油渣面
菜油	青菜油条汤
菜油	青菜油豆
菜油	青菜油渣
菜油	青菜油炸
菜盒	种菜盒装
菜盒	素菜盒饭
菜花	凉拌芹菜花生米
菜花	凉菜花生米
菜花	咸菜花甲汤
菜花	小菠菜花生米
菜花	拌芹菜花生米
菜花	梅菜花生
菜花	梅菜花生米
菜花	榨菜花生
菜花	榨菜花生米
菜花	泡菜花甲
菜花	波菜花生
菜花	波菜花生米
菜花	炒菜花水
菜花	炝拌菠菜花生米
菜花	炝芹菜花生
菜花	炝芹菜花生米
菜花	烩菜花卷
菜花	爽口拌菜花生米
菜花	生菜花生米
菜花	白菜花生米
菜花	白菜花约
菜花	紫菜花枝卷
菜花	紫菜花生
菜花	老醋菠菜花生
菜花	老醋菠菜花生米
菜花	芹菜花生
菜花	芹菜花生米
菜花	苔菜花生
菜花	苦菜花生米
菜花	菜籽油鲁花
菜花	菜脯葱花
菜花	菠菜花生
菜花	菠菜花生米
菜花	蔬菜花甲
菜花	蔬菜花甲粉
菜花	酸菜花甲
菜花	酸菜花甲汤
菜花	酸菜花甲米线
菜花	酸菜花甲粉
菜花	酸菜花鲢
菜花	野菜花酱
菜花	野韭菜花酱
菜花	锡纸蔬菜花甲粉
菜花	陈醋菠菜花生
菜花	陈醋菠菜花生米
菜花	雪菜花生
菜花	雪菜花生米
菜花	韭菜花摊
菜花	韭菜花瓶
菜花	韭菜花生包
菜豆	小白菜豆腐汤
菜豆	白菜豆腐汤
菜豆	青菜豆腐汤
菜豆	韭菜豆芽
菜锅	圆白菜锅贴
菜锅	大肉白菜锅贴
菜锅	小白菜锅贴
菜锅	干锅菜花干锅菜花
菜锅	猪肉酸菜锅贴
菜锅	猪肉韭菜锅贴
菜锅	菜花小份干锅
菜锅	韭菜锅贴
菜锅	鸡蛋韭菜锅贴
菜饭	下菜饭碗
菜饼	新鲜蔬菜饼干
菜饼	泡菜饼干
菜饼	混合蔬菜饼干
菜饼	田园蔬菜饼干
菜饼	紫菜饼干
菜饼	苔菜饼干
菜饼	菠菜饼干
菜饼	蔬菜饼干
菜饼	蔬菜饼干礼盒
菜饼	蔬菜饼干袋
菜饼	野菜饼干
菜饼	香菜饼干
菜鸡	紫菜鸡蛋羹
菜鸡	菠菜鸡肉卷
菜鸡	青菜鸡蛋炒饼
菜鸡	韭菜鸡蛋
菜鸡	韭菜鸡蛋水饺
菜鸡	韭菜鸡蛋饺
萨拉	披萨拉丝
蒙牛	内蒙牛奶片
蒙牛	内蒙牛肉串
蒙牛	内蒙牛肉
蒙牛	内蒙牛肉干
蒜苔	蒜香海苔
蒜黄	大蒜黄油
蒜黄	大蒜黄鱼
蒜黄	青蒜黄瓜
蒸糕	清蒸糕蟹
蒸蛋	清蒸蛋卷
蒸蛋	清蒸蛋皮卷
蒸蛋	清蒸蛋羹
蒸蛋	清蒸蛋饺
蒸蛋	清蒸蛋黄
蒸蛋	清蒸蛋黄肉
蒸蛋	清蒸蛋糕
蒸蛋	牛奶清蒸蛋糕
蒸鸡	清蒸鸡汁娃娃菜
蒸鸡	清蒸鸡汁江白鱼
蒸鸡	清蒸鸡蛋
蒸鸡	清蒸鸡蛋卷
蒸鸡	清蒸鸡蛋糕
蒸鸡	清蒸鸡蛋羹
蒸鸡	清蒸鸡蛋饭
蒸鸡	清蒸鸡蛋饺
蒸鸡	清蒸鸡蛋黄
薄皮	薄荷糖脆皮
藕合	藕片百合
藕合	藕粉百合
藕合	香藕合一
藕盒	藕片木盒
藕盒	藕粉宝盒
藕盒	辣卤莲藕盒装
虎帮	伯虎帮你
虾蛋	虾仁西葫芦鸡蛋
虾蛋	韭菜鸡蛋虾仁水饺韭菜鸡蛋虾仁水饺
虾皮	鲜虾皮蛋粥
虾饼	鲜虾饼干
虾饼	鲜虾饼盒
虾饼	麻辣龙虾饼干
蛋包	蛋糕发红包
蛋包	蛋糕抢红包
蛋包	蛋糕红包
蛋包	蛋黄鲜肉大馄饨打包
蛋包	西红柿鸡蛋包菜
蛋包	西葫芦鸡蛋包子
蛋包	角瓜鸡蛋包子
蛋包	青椒炒蛋包含
蛋包	韭菜鸡蛋包子
蛋包	鸡蛋包菜
蛋包	鸡蛋包谷饭
蛋堡	城堡蛋糕城堡蛋糕
蛋堡	汉堡蛋糕汉堡蛋糕
蛋燕	蛋黄肉粽肉燕
蛋花	皮蛋花生
蛋花	皮蛋花生米
蛋花	老醋皮蛋花生
蛋花	鸡蛋花生奶
蛋花	鸡蛋花生汤
蛋花	鸡蛋花蛤
蛋菇	蛋面香菇
蛋丝	蕾丝蛋糕蕾丝蛋糕
蛋丝	蛋白蚕丝
蛋卷	加煎蛋卷饼
蛋卷	卤肉鸡蛋卷饼
蛋卷	卤蛋卷饼
蛋卷	培根鸡蛋卷饼
蛋卷	培根鸡蛋卷饼套餐
蛋卷	嫩炒鸡蛋卷饼
蛋卷	小葱炒蛋卷饼
蛋卷	小葱鸡蛋卷饼
蛋卷	尖椒鸡蛋卷饼
蛋卷	火腿鸡蛋卷饼
蛋卷	炒蛋卷饼
蛋卷	炒鸡蛋卷饼
蛋卷	煎蛋卷饼
蛋卷	煮鸡蛋卷饼
蛋卷	牛肉鸡蛋卷饼
蛋卷	肉蛋卷粉
蛋卷	芝士鸡蛋卷饼
蛋卷	虾仁鸡蛋卷饼
蛋卷	虾酱炒鸡蛋卷饼
蛋卷	虾酱鸡蛋卷饼
蛋卷	辣椒炒鸡蛋卷饼
蛋卷	辣椒鸡蛋卷饼
蛋卷	酱香鸡蛋卷饼
蛋卷	青椒炒鸡蛋卷饼
蛋卷	青椒鸡蛋卷饼
蛋卷	韭菜鸡蛋卷饼
蛋卷	香蛋卷包
蛋卷	鲜鸡蛋卷饼
蛋卷	鸡柳火腿鸡蛋卷饼
蛋卷	鸡柳鸡蛋卷饼
蛋卷	鸡蛋卷包
蛋卷	鸡蛋卷粉
蛋卷	鸡蛋卷肉
蛋卷	鸡蛋卷面
蛋卷	鸡蛋卷饼
蛋白	煮鸡蛋白果
蛋白	西红柿鸡蛋白果
蛋白	韭菜鸡蛋白菜
蛋白	韭菜鸡蛋白菜肉
蛋白	鸡蛋白米粥
蛋白	鸡蛋白菜
蛋白	鸡蛋白菜水饺
蛋白	鸡蛋白菜炒粉
蛋白	鸡蛋白菜炒粉丝
蛋白	鸡蛋白菜炒饭
蛋白	鸡蛋白菜肠粉
蛋白	鸡蛋白菜饺子
蛋白	鸭蛋白粥
蛋皮	虎皮蛋糕虎皮蛋糕
蛋皮	虎皮蛋糕卷虎皮蛋糕卷
蛋皮	蛋汤瓜皮
蛋皮	酥皮蛋糕酥皮蛋糕
蛋皮	鸡蛋皮加
蛋糕	蛋黄酥年糕
蛋糕	鸡蛋糕饼
蛋面	鸡蛋面粉
蛋饼	咸蛋饼干
蛋饼	咸鸭蛋饼干
蛋饼	煎蛋饼干
蛋饼	鸡蛋饼干
蛋黄	丝瓜炒蛋黄金
蛋黄	凉拌皮蛋黄瓜
蛋黄	凉拌皮蛋黄金豆
蛋黄	培根鸡蛋黄瓜
蛋黄	姜汁变蛋黄瓜
蛋黄	小皮蛋黄瓜
蛋黄	拌皮蛋黄瓜
蛋黄	木耳鸡蛋黄瓜
蛋黄	火腿鸡蛋黄瓜
蛋黄	炒鸡蛋黄瓜丝
蛋黄	炸鸡蛋黄酱
蛋黄	特色皮蛋黄瓜汤
蛋黄	皮蛋黄牛
蛋黄	皮蛋黄豆芽
蛋黄	皮蛋黄瓜
蛋黄	皮蛋黄瓜汤
蛋黄	茶蛋黄瓜丝
蛋黄	虾仁鸡蛋黄瓜
蛋黄	西红柿鸡蛋黄瓜汤
蛋黄	西红柿鸡蛋黄米
蛋黄	鸡蛋黄壳
蛋黄	鸡蛋黄心
蛋黄	鸡蛋黄油
蛋黄	鸡蛋黄瓜
蛋黄	鸡蛋黄瓜丝
蛋黄	鸡蛋黄瓜卷
蛋黄	鸡蛋黄瓜水饺
蛋黄	鸡蛋黄瓜汤
蛋黄	鸡蛋黄瓜油条
蛋黄	鸡蛋黄瓜火腿
蛋黄	鸡蛋黄瓜炒木耳
蛋黄	鸡蛋黄瓜炒肉
蛋黄	鸡蛋黄瓜片
蛋黄	鸡蛋黄瓜虾仁水饺
蛋黄	鸡蛋黄瓜饭
蛋黄	鸡蛋黄瓜饺子
蛋黄	鸡蛋黄瓜鸡丁
蛋黄	鸡蛋黄花菜
蛋黄	鸡蛋黄豆酱
蛋黄	鸡蛋黄酱
蛋黄	鸡蛋黄金大饼
蛋黄	鸡蛋黄金粉丝
蛋黄	鸡蛋黄金糕
蛋黄	鸡蛋黄金肠
蛋黄	鸡蛋黄金馒头片
蛋黄	鸡蛋黄面
蛋黄	鸭蛋黄土
蛋黄	鸭蛋黄板
蛋黄	鸭蛋黄玉
蛋黄	鸭蛋黄腊
蛋黄	鸭蛋黄花菜
蛋黄	鸭蛋黄豆
蛋黄	鸭蛋黄金
蛋黄	鸭蛋黄金针菇
蛋黄	鸭蛋黄鱼
蜜桔	小蜜桔子
蜜瓜	蜂蜜瓜子仁
蜜瓜	蜜桃南瓜
蜜瓜	蜜桃木瓜
蜜瓜	蜜梨甜瓜
蜜瓜	蜜梨西瓜
蜜瓜	蜜豆粥南瓜
蜜柚	蜂蜜柚子汁
蜜柚	蜂蜜柚子酱
蜜柚	蜂蜜柚子红茶
蜜桃	蜂蜜桃花泪
蜜豆	蜂蜜豆腐脑
蜜豆	蜂蜜豆花
蟹味	回味蟹钳回味蟹钳
蟹味	蟹腿肉原味
蟹味	蟹钳原味
蟹味	蟹黄堡美味
血鸭	鸡血鸭肠饭
血橙	气血橙汁
血橙	气血橙汁饮料
衣服	情趣内衣服饰
衣服	洗衣服务
衣领	上衣领口
被单	棉被单人
西粉	西式无淀粉
西红	江西红烧肉
西红	湘西红烧肉
西红	西柚汁鲜红
西瓜	东西瓜子
西瓜	克西瓜果
西瓜	大西瓜子
西瓜	揭西瓜子
西瓜	林西瓜子
西瓜	梅西瓜子
西瓜	梅西瓜子袋
西瓜	江西瓜子
西瓜	王西瓜果
西米	山西米醋
西米	江西米糕
西米	江西米线
西米	湘西米粉
西米	陕西米皮
订水	预订水果
试纸	测试纸笔
话梅	大话梅西
豆黄	蟹黄豆腐蟹黄豆腐
豆盒	牛肉蚕豆盒装
豆翅	毛豆翅中
豆包	土豆包菜
豆包	干锅土豆包菜
豆包	牛肉土豆包菜
豆包	红豆包装
豆干	土豆干炒
豆干	土豆干粉
豆干	土豆干锅虾
豆干	土豆干锅鸡
豆干	土豆干锅
豆干	红豆干炒
豆干	蚕豆干果
豆油	呀土豆油炸
豆油	土豆油菜
豆油	土豆油麦菜
豆泡	干豆泡椒味
豆泡	抹茶红豆泡芙
豆泡	红豆泡芙
豆泡	绿豆泡沫
豆泡	豇豆泡菜
豆泡	酸豇豆泡菜
豆泡	青豆泡菜
豆浆	豆腐乳米浆
豆皮	土豆皮刀
豆皮	土豆皮蛋
豆皮	土豆皮蛋肉丝
豆皮	土豆皮萨
豆皮	油豆皮蛋
豆皮	黄豆皮蛋
豆腐	土豆腐竹
豆腐	红烧肉炖土豆腐竹
豆腐	藕片土豆腐竹
豆腐	黄焖鸡土豆腐竹
豆腐	黄豆腐竹
豆腐	黑豆腐竹
豆花	云豆花生
豆花	云豆花胶
豆花	五香毛豆花生
豆花	仙草红豆花生
豆花	仙草红豆花生奶茶
豆花	仙草红豆花生米
豆花	养生红豆花生
豆花	养生红豆花生汤
豆花	冰毛豆花生
豆花	加土豆花菜
豆花	土豆花束
豆花	土豆花生
豆花	土豆花甲
豆花	土豆花甲套餐
豆花	土豆花甲粉
豆花	土豆花碗
豆花	土豆花菜
豆花	土豆花菜煲
豆花	土豆花菜饭
豆花	土豆花鸡
豆花	大豆花生
豆花	大豆花生芝麻
豆花	小红豆花生
豆花	干煸土豆花菜
豆花	干锅土豆花菜
豆花	彩豆花生
豆花	抹茶红豆花漾
豆花	抹茶红豆花环
豆花	招牌红豆花生绵绵冰
豆花	挑豆花生
豆花	挑豆花生口味
豆花	排骨土豆花菜
豆花	杂豆花粉
豆花	椰奶红豆花生
豆花	毛豆花生
豆花	毛豆花生拼
豆花	毛豆花生拼盘
豆花	水晶红豆花束
豆花	水煮毛豆花生
豆花	油豆花生
豆花	炸土豆花菜
豆花	煮毛豆花生
豆花	燕麦红豆花生奶茶
豆花	猪蹄炖黄豆花生
豆花	玉米青豆花枝丸
豆花	盐水毛豆花生
豆花	眉豆花生
豆花	眉豆花生莲藕
豆花	眉豆花生鸡脚汤
豆花	秘制土豆花甲粉
豆花	秘制毛豆花生
豆花	糖豆花生
豆花	红豆花卷
豆花	红豆花开
豆花	红豆花束
豆花	红豆花生仁汤
豆花	红豆花生奶
豆花	红豆花生浆
豆花	红豆花生米
豆花	红豆花生露
豆花	红豆花盒
豆花	红豆花篮
豆花	红豆花胶
豆花	红豆花鱼
豆花	红豆花生
豆花	红豆花生冰
豆花	红豆花生大枣粥
豆花	红豆花生汁
豆花	红豆花生汤
豆花	红豆花生牛奶
豆花	红豆花生粥
豆花	绿豆花生
豆花	绿豆花生汤
豆花	绿豆花生汤圆
豆花	绿豆花生浆
豆花	绿豆花生牛奶
豆花	绿豆花生猪蹄汤
豆花	绿豆花生稀饭
豆花	绿豆花生糊
豆花	绿豆花生粥
豆花	胡豆花生
豆花	芒果红豆花生
豆花	苦豆花卷
豆花	菜豆花鸡
豆花	蚕豆花生
豆花	蚕豆花生米
豆花	蜜豆花枝片
豆花	蜜豆花生
豆花	蜜豆花生热饮
豆花	蜜豆花生粥
豆花	蝶豆花恋
豆花	蝶豆花椰
豆花	蝶豆花茶
豆花	蝶豆花鹿
豆花	谷物红豆花生
豆花	豌豆花生
豆花	豌豆花生米
豆花	赤小豆花生
豆花	酸豇豆花溪
豆花	金豆花生
豆花	雪豆花生巴
豆花	青豆花生
豆花	青豆花甲
豆花	香芋红豆花生
豆花	香豆花卷
豆花	香豆花鱼
豆花	香辣土豆花红
豆花	香辣土豆花菜
豆花	麻辣毛豆花生
豆花	黄豆花生
豆花	黄豆花生排骨
豆花	黄豆花生排骨汤
豆花	黄豆花生汤
豆花	黄豆花生浆
豆花	黄豆花生焖猪手
豆花	黄豆花生猪手煲
豆花	黄豆花生猪脚汤
豆花	黄豆花生猪蹄汤
豆花	黄豆花生粥
豆花	黑豆花生
豆花	黑豆花生浆
豆花	黑豆花生红枣
豆花	黑豆花鱼
豆花	龙豆花生
豆角	鸡肉炖土豆角瓜
豆酱	土豆酱汁肉
超能	超强全能
趣蛋	情趣蛋糕
跑蛋	超跑蛋糕预定
跳蛋	心跳蛋糕
蹄汤	蹄筋清汤
蹄花	马蹄花卷
蹄花	马蹄花束
蹄花	马蹄花果茶
蹄花	马蹄花生
蹄花	马蹄花茶
蹄花	马蹄花香
辣洋	辣味金枪鱼远洋
辣条	辣味油条
辣条	辣味炒糕条
辣条	辣子虾金条
辣条	辣子鸡蛋白菜粉条
辣条	辣椒桥头肉条
辣条	辣椒油条
辣条	辣椒牛肉粉条
辣条	辣椒白菜炖粉条
辣条	辣椒油油条
辣条	辣椒炒肉粉条
辣条	辣椒炒鸡蛋黄瓜油条
辣条	辣椒面荆条
辣条	辣椒鸡蛋猪口条
辣条	辣翅大份薯条
辣条	辣翅大薯条
辣条	辣翅小薯条
辣条	辣翅汉堡薯条
辣条	辣翅薯条
辣条	辣翅金牌薯条
辣条	辣翅金米鸡条
辣条	辣翅霸王薯条
辣条	辣翅霸王鸡条
辣条	辣翅鸡排薯条
辣条	辣翅鸡米花薯条
辣条	辣翅鸡肉卷薯条
辣条	辣酱大油条
辣条	辣酱小油条
辣条	辣酱油条
辣条	辣酱面条
辣条	麻辣条形
辣皮	香辣皮蛋
迁居	乔迁居家
进口	奋进口杯
送上	免费赠送上校鸡块
送水	赠送水果
送水	赠送水果沙拉
送水	赠送水果片
送水	赠送水煮蛋
送礼	赠送礼盒
送花	赠送花卷
送餐	赠送餐具
送餐	赠送餐垫纸
通粉	卡通粉色
通粉	通用火锅川粉
通菜	普通菜刀
配以	配送予以
配以	配送可以
配餐	不配餐具
配餐	标配餐具
酒一	奶酒一套
酒干	啤酒干杯
酒香	泡酒香槟
酒香	红酒香槟玫瑰
酒香	老酒香烟
酒水	下酒水晶肉
酒水	啤酒水煮
酒水	啤酒水饺
酒水	喝酒水杯
酒水	烧酒水果
酒水	燕京啤酒水晶
酒水	甜酒水磨汤圆
酒水	红酒水晶杯
酒水	红酒水果礼盒
酒水	红酒水果茶
酒水	老酒水煮龙利鱼
酒水	解酒水果软糖
酒水	醒酒水果捞
酒精	原浆啤酒精酿
酒精	哈尔滨啤酒精品
酒精	哈尔滨啤酒精酿
酒精	啤酒精品
酒精	啤酒精品龙虾
酒精	啤酒精度
酒精	啤酒精致
酒精	啤酒精酿
酒精	小烧酒精度
酒精	崂山啤酒精制
酒精	崂山啤酒精品
酒精	崂山啤酒精致
酒精	崂山啤酒精装
酒精	料酒精致
酒精	果酒精制
酒精	燕京啤酒精制
酒精	燕京啤酒精品
酒精	燕京啤酒精酿
酒精	甜酒精选
酒精	白酒精制
酒精	白酒精品
酒精	白酒精品级
酒精	白酒精度
酒精	白酒精装
酒精	百威啤酒精装
酒精	红酒精选
酒精	老酒精品
酒精	菠萝啤酒精度
酒精	蒸酒精品
酒精	贡酒精品
酒精	进口啤酒精选
酒精	进口红酒精选
酒精	雪津啤酒精品
酒精	雪花啤酒精制
酒精	雪花啤酒精品
酒精	雪花啤酒精纯
酒精	雪花啤酒精致
酒精	雪花啤酒精酿
酒精	青岛啤酒精典
酒精	青岛啤酒精品
酒精	黄酒精酿
酒精	黑啤酒精酿
酒酿	菊正宗清酒酿造
酥锅	香酥锅贴
酥锅	香酥锅饼
酥锅	香酥锅巴
酱干	酱汁饼干
酱油	秘制麻酱油麦菜
酱油	麻酱油麦菜
酱菜	招牌辣酱菜饭套餐
酱豆	土豆酱汁肉土豆酱汁肉
酱鸡	大酱鸡蛋
酱鸡	肉酱鸡蛋
酱鸡	肉酱鸡蛋丸子
酱鸡	肉酱鸡蛋夹馍
酱鸡	肉酱鸡蛋豆腐
酱鸡	虾酱鸡蛋卷
酱鸡	虾酱鸡蛋粉
酱鸡	虾酱鸡蛋糕
酱鸡	虾酱鸡蛋豆腐
酱鸡	虾酱鸡蛋饼
酱鸡	虾酱鸡蛋
酱鸡	辣酱鸡蛋汤
酱鸡	辣酱鸡蛋炒饭
酱鸡	辣酱鸡蛋豆腐
酱鸡	麻酱鸡蛋
酱鸭	蒜蓉辣酱鸭蛋
酱鸭	麻酱鸭蛋
酸豆	土豆酸菜汤土豆酸菜汤
酸豆	红豆酸奶红豆酸奶
酸豆	红豆酸奶捞红豆酸奶捞
酸豆	绿豆酸奶紫米露绿豆酸奶紫米露
醋精	香醋精酿
金橙	泰金橙色
金汤	合金汤勺
金汤	喵金汤水
金汤	黄金汤粉
金汤	黄金汤圆
金沙	黄金沙龙
金沙	黄金沙拉
金瓜	黄瓜金针菇黄瓜金针菇
金鱼	咖喱黄金鱼蛋
金鱼	黄金鱼串
金鱼	黄金鱼仔
金鱼	黄金鱼刺
金鱼	黄金鱼子酱
金鱼	黄金鱼旦
金鱼	黄金鱼条
金鱼	黄金鱼板
金鱼	黄金鱼柳
金鱼	黄金鱼片
金鱼	黄金鱼球
金鱼	黄金鱼籽虾球
金鱼	黄金鱼籽酱虾球
金鱼	黄金鱼糕
金鱼	黄金鱼胶
金鱼	黄金鱼腐
金鱼	黄金鱼丸
金鱼	黄金鱼卷
金鱼	黄金鱼块
金鱼	黄金鱼头
金鱼	黄金鱼尾
金鱼	黄金鱼排
金鱼	黄金鱼籽包心丸
金鱼	黄金鱼翅
金鱼	黄金鱼翅糕
金鱼	黄金鱼蛋
金鱼	黄金鱼饼
金鸡	黄金鸡块饭
金鸡	黄金鸡条
金鸡	黄金鸡翅中
金鸡	黄金鸡肉堡
金鸡	黄金鸡肉汉堡
金鸡	黄金鸡肉球
金鸡	黄金鸡腿汉堡
金鸡	黄金鸡蛋炒饭
金鸡	黄金鸡蛋煎饼
金鸡	黄金鸡蛋饺
金鸡	黄金鸡蛋饼
金鸡	黄金鸡鱼
金鸡	黄金鸡块
金鸡	黄金鸡排
金鸡	黄金鸡排饭
金鸡	黄金鸡柳
金鸡	黄金鸡翅
金鸡	黄金鸡翅尖
金鸡	黄金鸡脚
金鸡	黑金鸡块
钢弹	钢丝球高弹
铁串	铁板蛋炒饭大肉串
铁盘	铁板菌小盘
锅香	火锅香油
锅鸡	火锅鸡蛋面
锅鸡	砂锅鸡蛋
锅烙	回锅烙饼
锅烙	铁锅烙饼
锅烧	小锅烧饼
锅烧	干锅烧花菜
锅烧	干锅烧鸭
锅烧	干锅烧鸡
锅烧	平锅烧烤韭菜
锅烧	火锅烧烤
锅烧	炒锅烧饭
锅烧	石锅烧汁
锅烧	砂锅烧制
锅烧	砂锅烧骨粥
锅烧	菜锅烧纸
锅烧	铁锅烧鹅
锅烧	锅子红烧
锅烧	锅盔叉烧
锅烧	锅贴红烧
锅烧	鱼片火锅烧烤
锅里	砂锅里加
锅巴	冷锅巴沙鱼
锅巴	四川火锅巴沙鱼
锅巴	干锅巴沙
锅巴	干锅巴沙鱼
锅巴	火锅巴沙鱼
锅巴	火锅巴沙鱼片
锅巴	砂锅巴沙鱼
长富	老村长富贵
长白	老村长白酒
长豆	家长豆腐
长豆	老船长豆豉
长豆	长柄伞红豆
长鱼	生长鱼面
长鱼	野生长鱼面
闲鱼	休闲鱼皮花生
闷子	闷饭鸡脖子
降火	霜降火龙果
陵水	金陵水晶蒸饺
雪烧	红烧雪鱼红烧雪鱼
雪宝	雪肤大宝
雪山	冰雪山楂
雪花	大雪花鸡
雪花	白雪花生
雪花	碧潭飘雪花茶
雪豆	乐雪豆花
雪豆	抹茶浮雪豆花冰
雪豆	毛豆雪菜毛豆雪菜
雪豆	白雪豆花
雪豆	红豆雪冰红豆雪冰
雪豆	红豆雪糕红豆雪糕
雪豆	雪山红豆
雪豆	雪碧土豆
雪豆	雪糕绿豆
雪豆	雪蛤椰汁红豆
青瓜	青枣西瓜
青瓜	青柠黄瓜
青瓜	青菜凉拌黄瓜
青花	踏青花甲年糕
青蟹	青菜白蟹
青豆	炒青豆角
青龙	小青龙虾
面卷	面皮手卷
面头	面粉鸭头
面工	手工面筋手工面筋
面生	泡面生日蛋糕
面生	澄面生粉
面白	凉面白菜
面白	面膜美白
面石	冷面石锅拌饭
面辣	香辣面包蟹香辣面包蟹
面线	双面线条
面线	叶面线条
面线	挂面线条
面线	硬面线圈
面线	硬面线圈本
面线	纸面线圈
面叶	面包树叶
面叶	面筋四叶
面叶	面筋青叶
面叶	面粉牛百叶
面精	洁面精油皂
面精	炒面精美
面精	炸酱凉面精美凉菜
面精	烤冷面精致
面精	焖面精美凉菜
面精	牛肉拉面精品
面肠	面条大肠
面肠	面袋肥肠
面肠	香肠面包香肠面包
面鱼	三鲜鱼面筋三鲜鱼面筋
面鱼	单面鱼头
面鱼	印尼炒面鱼蛋
面鱼	双面鱼头
面鱼	墨鱼面包墨鱼面包
面鱼	意面鱼丸紫菜汤
面鱼	捞面鱼蛋
面鱼	杂面鱼子
面鱼	烫面鱼籽包
面鱼	煎蛋面鱼子
面鱼	肉丝炒面鱼柳
面鱼	面包鳕鱼
面鱼	面包脆江小鱼
面鱼	面块酸菜鱿鱼
面鱼	面皮草鱼
面鱼	面筋打鱼
面鱼	面筋鲜鱼
面鱼	面饼杂鱼
面鱼	面饼鲫鱼
面鱼	马面鱼串
面鱼	鸡排意面鱼丸紫菜汤
面鱼	鸡蛋炒面鱼柳
面鱼	麻辣烫面鱼丸
面包	体面包装
面包	侧面包装
面包	冷面包子
面包	冷面包饭
面包	单面包装
面包	发面包子
面包	圆面包装
面包	扇面包装
面包	拌面包装
面包	斜面包装
面包	杂面包子
面包	汤面包子
面包	汤面包装
面包	活面包袋
面包	烤冷面包括
面包	烤冷面包装盒
面包	烫面包子
面包	白面包子
面包	豆面包芯
面包	豆面包馅
面包	里面包含
面块	面包方块
面块	面包炸鸡块
面块	面粉红烧鸡块
面条	长条面包长条面包
面条	雪条面包雪条面包
面条	面包巧克力长条
面条	面包金条
面条	面筋皮条
面条	面筋粉条
面条	面筋长条
面油	红油面筋红油面筋
面瓜	南瓜面包南瓜面包
面皮	亮面皮裤
面皮	亮面皮鞋
面皮	光面皮蛋
面皮	光面皮鞋
面皮	冷面皮夹
面皮	双面皮革
面皮	双面皮鞋刷
面皮	多面皮鞋刷
面皮	炒面皮蛋
面皮	绒面皮衣
面皮	绒面皮革
面皮	黄面皮夹
面筋	面条牛蹄筋
面类	下面类目
面粉	乌鸡汤面粉丝
面粉	冷面粉丝
面粉	单面粉色玫瑰
面粉	弧面粉底刷
面粉	扇面粉色
面粉	汤面粉丝
面粉	泡面粉丝
面粉	牛肉拉面粉丝砂锅
面粉	网面粉色
面粉	肥肠干拌面粉丝汤
面粉	荞面粉条
面粉	露面粉汤
面粉	面条卷粉
面粉	面条鲜虾肠粉
面粉	黄面粉条
面茶	粗面茶叶蛋
面食	发面食用碱
面食	泡面食堂
韭黄	韭菜鸡蛋金黄
风干	威风干红葡萄酒
风干	旋风干脆面
风干	热风干燥面
风干	雄风干红葡萄酒
风干	飓风干红葡萄酒
食面	主食面包
食面	扁食面粉
食面	食盒鲜虾焖面
食盐	零食盐津桃肉
食盐	零食盐津葡萄
餐包	套餐包含
餐包	套餐包月
餐包	套餐包装
餐包	套餐包饭
饭包	砂锅饭包装
饭包	冷饭包菜
饭包	抓饭包子
饭包	盒饭包装
饭包	米饭包装盒
饭套	紫菜包饭套餐
饭糕	饭团面包蛋糕
饭团	原味烤肉拌饭团购价
饭团	拌饭团购价
饭团	烤肉拌饭团购价
饭团	黄焖排骨米饭团体
饭团	黄焖鸡米饭团体
饭团	黄焖鸡米饭团购
饭盒	米饭盒装饮料
饮料	餐饮料理
饺皮	玉米肉饺皮蛋瘦肉粥
饺皮	蛋皮饺子蛋皮饺子
饺皮	鱼皮饺子鱼皮饺子
饼片	饼干切片
饼片	饼干惊奇脆片
饼福	饼干新福
饼菜	饼干蔬菜
饼丝	椰丝饼干椰丝饼干
饼丝	饼干依丝
饼丝	饼干拉丝
饼卷	饼干蛋卷
饼皮	菜煎饼皮蛋瘦肉粥
饼皮	饼干脆皮
香干	果香干红
香干	清香干胶
香干	芳香干红葡萄酒
香干	蒜香干椒
香干	蜀香干锅鱼
香干	酱香干炒
香干	酱香干锅牛蛙
香干	酱香干锅鸡
香干	醇香干菇
香干	飘香干锅
香干	飘香干锅牛蛙
香干	飘香干锅鱼
香干	飘香干锅鸡
香干	飘香干锅鸡块
香梨	雪梨香蕉汁雪梨香蕉汁
香梨	香橙凤梨
香梨	香橙酥凤梨
香梨	香蕉台湾凤梨
香槟	葡萄椰香槟榔
香橙	乐香橙味
香水	五香水煮花生
香水	奶香水果
香水	奶香水果披萨
香水	奶香水果沙拉
香水	提香水果
香水	桃香水果茶
香水	椰香水果捞
香水	清香水饺
香水	清香水果
香水	猪肉茴香水饺
香水	素茴香水饺
香水	芳香水果茶
香水	茴香水饺
香水	葱香水饺
香水	酱香水果巧克力
香水	飘香水煮巴沙鱼
香水	飘香水煮肉片
香水	飘香水煮肥牛
香水	飘香水煮草鱼
香水	飘香水煮龙利鱼
香水	飘香水饺
香水	鸡蛋茴香水饺
香油	五香油皮
香油	五香油盐饼
香油	五香油碟
香油	五香油酥
香油	五香油酥烧饼
香油	五香油茶
香油	咸香油炸花生米
香油	喷香油滑
香油	塔香油条鲜蚵
香油	奶香油炸小馒头
香油	奶香油条
香油	小茴香油条
香油	川香油碟
香油	德香油条
香油	恋香油炸膜片
香油	浓香油焖蟹
香油	浓香油碟
香油	清香油碟
香油	清香油麦菜
香油	纯香油瓶
香油	茴香油渣
香油	茴香油条
香油	葱香油条
香油	葱香油皮
香油	葱香油饼
香油	蒜香油碟
香油	蒜香油花
香油	蒜香油蛤
香油	蒜香油麦
香油	蒜香油麦菜
香油	蜀香油碟
香油	酥香油条
香油	醇香油封鸭腿
香油	飘香油碟
香烟	五香烟熏
香烟	奶香烟熏三文鱼面
香烟	桃香烟熏鸡肉三明治
香烟	沉香烟丝
香烟	香干烤烟
香烟	香盒无烟
香烟	香薰无烟
一腿	一个咸鸡腿
一腿	一个藤椒鸡腿
一荤	十一荤菜
一桶	统一桶装
一桶	统一桶面
丁面	燕麦焦糖布丁面包
丁螺	兔丁螺蛳粉
丁螺	鸡丁螺蛳粉
丁螺	麻辣兔丁螺蛳粉套餐
丁香	小丁香鱼
丁香	布丁香芋
丁香	布丁香草奶茶
丁香	布丁香草拿铁
丁香	布丁香蕉
丁香	布丁香蕉味
丁香	拉丁香肠
丁香	肉丁香菇水饺
丁香	肉丁香菇烧卖
丁香	肉丁香菇烧麦
丁香	肉丁香菇酱
丁香	肉丁香辣味
丁香	马丁香茶
丁香	鸡丁香肠
丁香	鸡丁香肠炒饭
丁香	鸡丁香肠饭
丁香	鸡丁香肠鸡蛋炒饭
丁香	鸡丁香菇
丁香	鸡丁香菇面
三头	三宝鱼头
三头	三宝鸭头
三头	三鲜手工水饺湾仔码头
三头	三鲜水饺湾仔码头
三养	三拼营养
三养	三色营养
三养	三鲜营养
三圆	三宝芋圆
三科	三刀飞科
三级	三拼超级
三鲜	公三鲜鱼
三鲜	小三鲜汤
三鲜	老三鲜汤
上汤	以上汤品
上汤	面上汤海
下水	天下水饺包
下火	下酒菜上火
下火	松下火烧
下火	行天下火锅牛肉
下酒	以下酒水
下酒	以下酒水饮料
下酒	天下酒坊
下酒	天下酒菜
下酒	底下酒菜
下酒	旗下酒店
下酒	楼下酒菜
专送	专用附送
专送	专车配送
东阳	广东阳江
丝面	软丝面包
丝带	粉丝带子
丝带	蒜泥粉丝带子
丝带	蒜蓉粉丝带子
中萃	中粮山萃
串香	客串香肠
丸汤	丸子沙锅高汤
丸汤	鱼丸汤粉
丸面	丸子拉面
乌米	乌龙玄米
乌米	乌龙奶血糯米
乌米	乌龙奶茶西米
乌饭	乌鸡汤青菜炒饭
乌饭	乌鸡汤鸡蛋炒饭
乌饭	乌龙炒饭
乌饭	乌龙奶茶咖喱肥牛蛋包饭
乌饭	乌龙奶茶咖喱鸡扒饭
乌饭	乌龙奶茶蛋包饭
乌饭	乌龙奶茶黑椒鸡扒饭
乌饭	乌龙茶什锦炒饭
乐天	伊乐天然
乐天	可乐天蝎座
乐天	多乐天鹅
乐天	欢乐天堂
乐天	闽乐天然
乐纯	佳乐纯正
乐纯	天乐纯色
乐纯	泉乐纯净
乐虎	可乐虎皮蛋
乐虎	可乐虎邦
乐豆	欢乐豆皮
乳蛋	炼乳蛋卷
乳蛋	牛乳蛋糕
乳猪	催乳猪蹄汤
乳猪	南乳猪尾
乳猪	南乳猪手汤
乳猪	南乳猪肉包
乳猪	南乳猪肉饭
乳猪	南乳猪肝
乳猪	南乳猪脚
乳猪	南乳猪脚套餐
乳猪	南乳猪脚煲
乳猪	南乳猪脚粉
乳猪	南乳猪脚饭
乳猪	南乳猪脚饭套餐
乳猪	南乳猪手
乳猪	南乳猪手捞面
乳猪	南乳猪手煲
乳猪	南乳猪手煲仔饭
乳猪	南乳猪手米粉
乳猪	南乳猪手面
乳猪	南乳猪手饭
乳猪	巧味南乳猪手
乳猪	炼乳猪仔包
乳猪	玫瑰腐乳猪蹄
乳猪	腐乳猪手
乳猪	腐乳猪蹄
乳猪	通乳猪蹄汤
乳肉	南乳肉片
乳肉	炼乳肉松
乳贴	乳饼锅贴
乳酸	红豆炼乳酸奶
云腿	云吞面火腿
云腿	云吞面酱鸭腿
五仁	五谷杏仁
京八	老北京八宝饭
京酱	东京酱油
京酱	东京酱油拉面
京酱	老北京酱油
京酱	老北京酱油炒饭
京酱	老北京酱鸭
京酱	老北京酱肉
京粉	南京粉丝汤
京粉	老北京粉肠
亮甲	亮油护甲
仔姜	老姜仔鸡老姜仔鸡
代取	代金券领取
代送	代金发送
代卖	代理外卖
代卖	代金券外卖
优盘	优惠装大盘
优盘	优选果盘
优诺	优益海氏海诺
伴面	相伴面巾纸
低脂	低温减脂
体面	实体面部
便当	排便当中
便当	排便当十
便当	排便当地
便当	排便当时
健餐	健康时蔬套餐
健牌	健康招牌
健牌	健康豆腐招牌
健达	健康维达
健龙	倍健龙井
健龙	倍健龙井绿茶
元贝	大元贝一
光明	发光明星
光明	春光明媚
光明	阳光明媚
免配	减免配送费
免配	避免配送
兔头	小兔头戴
兔粮	兔丁粗粮
兔腿	烤兔腿儿
全菜	全家福配菜
全菜	全拼素菜
全麦	三全麦香
全麦	味全麦香
公牛	包公牛肉
公鸡	关公鸡柳饭
兰皇	荷兰皇冠
兰美	兰花干清美
兰豆	荷兰豆苗
兰妃	兰花贵妃
兰花	东兰花豆
养汤	养生鲈鱼金汤
养生	放养生鱼粥
养生	营养生态
养生	营养生菜
养生	营养生蚝
冰乐	冰露可口可乐
冰工	冰糖纯手工
冰豆	冰粉红豆
冰奶	冰糕牛奶
冰奶	红豆牛奶冰沙红豆牛奶冰沙
冰摇	冰茶手摇
冰栗	冰茶黑醋栗
冰菜	冰峰凉菜
冰饭	冰凉黄焖鸡米饭
冰饭	冰凉黄焖鸭米饭
冰饭	冰峰土豆米饭
冰饭	冰峰孜然牛肉炒饭
冰饭	冰峰米饭
冰饭	冰爽五花肉石锅拌饭
冰饭	冰爽套餐米饭
冰饭	冰爽米饭
冰饭	冰爽柠檬茶韩式肥牛板烧饭
冰饭	冰粉盒饭
冰饭	冰粉米饭
冰饭	冰糖雪梨土豆米饭
冰饭	冰糖雪梨米饭
冰饭	冰糖雪梨蛋包饭
冰饭	冰镇烤肉拌饭
冰饭	冰镇肉丝蛋炒饭
冰饭	冰镇丝袜奶茶炒饭
冰饭	冰镇可乐蛋炒饭
冰饭	冰镇酸梅汁包饭
冰饭	冰镇饮料套饭
冰饭	冰镇饮料米饭
冰饭	冰镇饮料经典蛋包饭
冰饭	冰露盖饭
冰饭	冰露红烧肉盖饭
冰饭	冰露蛋炒饭
冰饭	冰饮拌饭
冰饭	冰饮米饭
冰饭	冰鲜柠檬芦荟蜜巴西烤肉焗饭
冰沙	冰晶浪沙
冰沙	冰爽浪沙
冰沙	冰玉金沙
冰沙	冰糖老长沙
冰糖	苏冰糖心
冰草	仙草冰沙仙草冰沙
冰草	冰糖橙甘草
冰草	冰糖燕窝虫草
冰草	冰菊甘草
冰草	沙冰草莓
冰袋	棒冰袋装
冰露	冰粉甘露
冰露	饮冰露水
冷吃	冷饮小吃
冷串	冷热大肉串
冷串	冷面炸串
冷粉	冷面米粉
冷粉	冷饮肉丝炒粉
冷粉	冷饮蛋炒粉
冷粉	冷饮鸡蛋炒粉
冷粉	冷饮鸡蛋肉丝炒粉
冷菜	冷面咸菜
冻水	果冻水果杯
冻冰	冷冻冰鲜
冻冰	果冻冰棍
冻冰	速冻冰山蚌
净雅	素净雅致
净水	纯净水桶
净水	纯净水瓶
凉肉	凉菜咖喱牛肉
凉肉	凉面羊肉
凉肉	牛肉凉拌面牛肉凉拌面
凉肉	牛肉凉皮牛肉凉皮
凉肉	牛肉凉面牛肉凉面
凉辣	麻辣凉面麻辣凉面
凉饼	凉皮原味烧饼
凉鱼	凉粉小鱼
凉鸡	凉皮火鸡
凉鸡	凉面卤鸡
凉鸡	凉面土鸡
凉鸡	凉面火鸡
凉拖	凉鞋男拖
凉瓜	冬瓜凉茶冬瓜凉茶
凉瓜	冰凉瓜子
凉瓜	凉拌拍青瓜
凉瓜	凉拌拍黄瓜
凉瓜	凉拌牛筋黄瓜
凉瓜	凉拌粉皮黄瓜
凉瓜	凉皮青瓜
凉瓜	凉粉拍青瓜
凉瓜	凉粉椰奶木瓜
凉瓜	凉粉椰汁木瓜
凉瓜	凉菜拍黄瓜
凉瓜	凉面牛肉黄瓜
凉瓜	凉面青瓜
凉瓜	凉面黄瓜
凉瓜	木瓜凉粉木瓜凉粉
凉瓜	西瓜凉粉西瓜凉粉
凉瓜	青瓜凉拌青瓜凉拌
凉瓜	黄瓜凉菜黄瓜凉菜
凉皮	凉粉炒面皮
凉皮	凉面瓜皮
凉皮	凉面白皮
凉皮	凉面脆皮
凉皮	凉面酿皮
凉皮	凉面牛筋面酿皮
凉皮	清凉皮蛋
凉皮	清凉皮蛋瘦肉粥
凉皮	清凉皮蛋豆腐
凉粉	凉皮冰粉
凉粉	清凉粉嫩
凉粉	清凉粉润
凉糕	冰凉糕点
凉茶	清凉茶汤
凉茶	清凉茶油
凉茶	清凉茶瓶
凉茶	清凉茶盒
凉茶	清凉茶罐
凉茶	清凉茶饭
凉茶	清凉茶饮
凉面	凉拌千张丝牛肉拌面
凉面	凉皮烤冷面
凉面	凉皮儿冷面
凉面	凉菜大盘鸡拌面
凉面	凉菜拉面
凉面	凉菜炒面
凉面	凉菜肉拉面
凉面	凉菜肉炒面
凉面	凉菜三拼冰镇冷面
凉面	凉菜拼盘冷面
凉面	黄面凉皮黄面凉皮
凤梨	小凤梨袋
凤梨	黑凤梨干
凤梨	黑凤梨果
凯特	黄凯特大
刀切	小刀切配
刀豆	大刀豆腐
刀鱼	剁刀鱼丸
刀鱼	开刀鱼尾
分装	分解包装
分装	分量包装
切糕	切片枣糕
利水	威利水果刀
刮油	刮刀奶油
制冰	自制冰镇豆浆
制服	定制服务
制服	私人定制服务
制服	订制服务
刷鞋	刷子皮鞋
刺鱼	刺身鲮鱼
刺身	鱼刺身份
剃毛	剃刀脱毛
加肉	加大型猪肉
加肉	加料牛肉
加馍	加一泡馍
加利	尤加利洋
加热	增加热饮
动物	心动物语
劲酒	劲浪黄河啤酒
劲酒	劲爽燕京啤酒
包煎	包子特色生煎
包蛋	红包蛋糕
包蛋	西葫芦鸡蛋包子西葫芦鸡蛋包子
包鸡	纸包鸡柳饭
包鸡	荷包鸡蛋
包鸡	面包鸡腿沙拉
包烧	包浆豆腐红烧
包烧	汤包烧麦
包烧	草包烧烤
包烧	草包烧鱼
包烧	鲜肉包烧麦
包肉	包含干锅牛肉
包肉	包子手工鲜肉
包肉	包子精肉
包肉	包子芹菜牛肉
包肉	包括红烧牛肉
包肉	包皮猪肉
包肉	包菜咸肉
包肉	包菜拆骨肉
包肉	包菜腊肉
包肉	包菜鲜肉
包肉	包菜粉丝牛肉
包肉	包饭孜然烤肉
包肉	包饭炒牛肉
包肉	包饭炒猪肉
包肉	包饭芝士牛肉
包肉	孜然牛肉包饭孜然牛肉包饭
包肉	小包肉枣
包肉	手撕面包肉松
包肉	梅干菜扣肉包子梅干菜扣肉包子
包肉	烤面包肉松
包肉	牛肉包子牛肉包子
包肉	牛肉包饭牛肉包饭
包肉	猪肉包子猪肉包子
包肉	猪肉包菜猪肉包菜
包肉	皮包肉串
包肉	酱肉包子酱肉包子
包肉	酸菜猪肉包子酸菜猪肉包子
包肉	面包肉松
包肉	驴肉包子驴肉包子
包肉	鲜肉包子鲜肉包子
包饼	包装纸卷饼
包饼	包角薯饼
包饼	包角香脆薯饼
包饼	小包饼干
包饼	越南面包饼干
包饼	面包饼干
包子	包菜饺子
包子	包装盒饺子
包子	小包子弟
包菜	香包菜饭
包角	包菜牛角
包角	包装八角
包角	包装双角
包角	包装尖角
包角	包装平角
包面	包子发面
包面	包装单面
包面	包装扇面
包面	包装斜面
包面	小包面巾纸
包饭	打包饭盒
千饺	千叶豆腐虾饺
千鱼	千层便当日式鳗鱼
千鱼	鳗鱼千层鳗鱼千层
半鸡	半边手扒鸡
华农	五华农家
单爆	单人劲爆
单糕	单层生日蛋糕
单糕	单层蛋糕
单糕	单层足球蛋糕
单茶	单杯乌龙奶茶
单茶	单杯椰果奶茶
单茶	单杯珍珠奶茶
单茶	单杯相思豆奶茶
单菜	单个豆皮卷香菜
单菜	单人蔬菜
单菜	单人麦菜
单菜	单人锅蔬菜
单食	单人小食
单食	单人素食
单饭	单人米饭
单点	单肩圆点
单饼	单个月饼
卖烟	外卖烟熏培根薄饼
南卤	台南卤肉套餐
南卤	台南卤肉饭
南卤	闽南卤面
南乳	丰南乳汁
南工	南昌手工
南工	手工南瓜饼手工南瓜饼
南瓜	金南瓜子
南瓜	黄南瓜片
卡饼	妙卡饼干
卡士	卡布芝士
卡士	卡牌勇士
卡士	卡通女士
卡士	卡通男士
卡士	卡通蛋糕冻芝士
卡士	卡通蛋糕美少女战士
卡布	摩卡布丁
卡斯	卡彭马斯
卡斯	卡托慕斯
卡斯	卡通狗尼斯
卡纸	摩卡纸杯蛋糕
卤牛	酱汁肥牛卤肉双拼饭酱汁肥牛卤肉双拼饭
卤肉	制卤肉汁
卤肉	卤蛋牛肉
卫龙	中卫龙大
卫龙	大卫龙大
卷肠	香肠卷边香肠卷边
卷皮	卷饼辣皮
卷皮	卷饼鸡皮
卷粉	蛋卷粉丝汤
卷糕	卷儿蛋糕
卷纸	花卷纸袋
卷饼	冰淇淋蛋卷饼干
卷饼	大卷饼干
卷饼	夹心蛋卷饼干
卷饼	奶油蛋卷饼干
卷饼	小蛋卷饼干
卷饼	巧克力蛋卷饼干
卷饼	手工蛋卷饼干
卷饼	榴莲蛋卷饼干
卷饼	榴莲酥卷饼干
卷饼	白卷饼干
卷饼	肉松蛋卷饼干
卷饼	花卷饼干
卷饼	花卷饼干袋
卷饼	蛋卷饼干
卷饼	酥卷饼干
卷饼	黑卷饼干
厚蛋	加厚蛋糕
厚切	加厚切片
原切	原味薯片大切
叉烧	大叉烧水
叉烧	大叉烧饭
叉烧	平叉烧饭
叉烧	排叉烧烤
双酿	双料精酿
双蛋	肉蛋双飞牛肉面肉蛋双飞牛肉面
发圈	发光项圈
发夹	黑发夹子
发带	发绳飘带
发泥	枣泥发糕枣泥发糕
发胶	发声乳胶
发胶	发声搪胶
发胶	发声橡胶
发胶	发音硅胶
发胶	大发胶带
发胶	威发胶柄
发胶	荣发胶囊
发膜	发炎结膜
发面	大发面饼
发面	自发面粉
发面	香发面饼
变蛋	渐变蛋糕
口油	口味蜂蜜黄油
口油	奶油口味奶油口味
口泰	进口泰国
口香	口味清香
口香	川香口水鸡川香口水鸡
口香	蜀香口水鸡蜀香口水鸡
口香	进口香蕉
口条	出口条纹
口条	金口条纹
口水	人口水鸡
口水	四口水果夹心蛋糕
口水	爽口水晶粉
口水	爽口水果捞
口水	爽口水果沙拉
口水	爽口水果派
口水	爽口水饺
口水	进口水晶
口水	进口水果蛋糕
口水	进口水果
口水	鱼口水鸡
口红	井口红豆
口红	出口红米
口红	原装进口红牛
口红	原装进口红酒
口红	开口红松
口红	开口红糖馒头
口红	溪口红星
口红	爽口红烧
口红	爽口红烧肉
口红	爽口红糖冰粉
口红	爽口红豆派
口红	爽口红豆糖水
口红	美国进口红提
口红	进口红娘
口红	进口红布
口红	进口红心
口红	进口红心奇异果
口红	进口红心柚
口红	进口红心火龙果
口红	进口红心火龙果鲜
口红	进口红心猕猴桃
口红	进口红掌
口红	进口红提葡萄
口红	进口红李
口红	进口红柚
口红	进口红梅
口红	进口红毛蟹
口红	进口红火龙果
口红	进口红牛
口红	进口红牛功能饮料
口红	进口红狗
口红	进口红薯条
口红	进口红薯泥
口红	进口红薯粉条
口红	进口红虾
口红	进口红袖
口红	进口红豆
口红	进口红豆味
口红	进口红酒瓶
口红	进口红提
口红	进口红酒
口红	龙口红薯粉
口红	龙口红薯粉条
叫花	尖叫花甲
叫花	尖叫花螺
可送	可爱芭比配送
叶酸	老叶酸菜鱼
叶青	千叶青菜
吉福	吉祥幸福
吊龙	吊环卧龙
味鸡	原味鸡蛋仔
味鸡	风味鸡油
味全	五味全家福
味全	卤味全家福
味全	卤味全家福套餐
味全	卤味全拼
味全	原味全家福
味全	原味全家福小份
味全	原味全家福鸭血粉丝
味全	原味全粉
味全	原味全脂
味全	原味全面
味全	原味全麦
味全	原味全麦牛角
味全	口味全家福米线
味全	口味全麦
味全	品味全家福
味全	回味全家福汤包
味全	海味全家桶
味全	海味全家福
味全	珍味全家福
味全	美味全家
味全	美味全家乐
味全	美味全家桶
味全	美味全麦包
味全	美味全家福
味全	老味全家福
味全	腊味全家福煲仔饭
味全	芝麻口味全麦
味全	葱香味全麦
味全	风味全家福
味全	鼎味全家福米线
味增	口味增减
味精	卤味精典
味精	原味精品土豆粉
味精	原味精选
味精	口味精选
咸蒜	大蒜咸肉大蒜咸肉
品质	产品质量保证
品质	商品质量
品质	正品质保
品质	正品质感
品质	油品质量
品质	精品质量
品质	食品质量
喜面	喜欢正面
喜蛋	惊喜蛋糕盒子
四寸	四季如春英寸
四宝	四果进宝
四特	周四特价
国服	全国服务
圆粉	鱼圆粉干
地锅	当地锅巴
地瓜	本地瓜子
塔菜	塔可蔬菜
塘小	荷塘小景
塘小	荷塘小炒
墨水	喷墨水彩
墨鱼	大墨鱼仔
墨鱼	纸墨鱼仔
士豆	海鲜芝士豆腐
大肉	加大肉色
大包	人大包厢
大包	人大包房
大包	人大包间
大包	加大包芯丝
大包	加大包装
大包	恒大包装
大包	梅大包装
大包	特大包头
大包	特大包芯鱼丸
大包	超大包装
大包	超大包金
大宝	博大宝贝
大果	大米红苹果
大果	芒果大虾卷芒果大虾卷
大根	培根大虾披萨培根大虾披萨
大根	大虾披萨法式培根
大热	加大热狗
大福	丰大福寿
大福	伟大福州
大福	元大福利
大福	四大福星
大福	恒大福利
大福	特大福利
大福	特大福字
大福	特大福成
大福	超大福利
大筒	加大筒骨
大米	人大米酒
大米	大盘猪肉玉米
大米	大葱玉米
大米	大虾黄金玉米
大米	糯米大肠糯米大肠
大米	超大米线锅
大葱	加大葱段
大葱	超大葱油花卷
大蒜	加大蒜泥
大蒜	特大蒜泥龙虾
大蒜	特大蒜香小龙虾两斤
大薯	大黄鸭紫薯
大虾	特大虾尾
大蟹	大肠头花蟹
大豆	船老大豆瓣
大饼	苏大饼干
天冷	全天冷藏
头一	插头一个
头一	葱头一个
头肉	桥头肉条
头肉	菜头肉饼
头菜	肉头菜饭
夹肉	皮夹肉饼
夹菜	夹心馒头蔬菜
夹菜	夹饼卤菜
夹菜	夹饼烤酸菜
夹菜	夹饼蔬菜
夹菜	嫩牛肉香菜夹饼嫩牛肉香菜夹饼
夹沙	夹心流沙
奇多	小猪佩奇多种水果
奇多	玛奇多摩
套肠	套餐加香肠
套肠	套餐回肠
套尺	被套尺寸
套餐	一套餐具
套餐	一整套餐具
套餐	四件套餐具
套餐	手套餐巾纸
套餐	配套餐具
套餐	配套餐叉
奥美	菲奥美式爆米花
女烟	小仙女烟火
女性	美女性感
女生	美女生日蛋糕
女生	美少女生日蛋糕
奶包	奶油味面包
奶汤	牛奶汤圆
奶盖	酸奶盖饭
奶青	牛奶青枣
奶青	牛奶青梅
奶冰	奶昔百香果沙冰
奶冰	椰奶冰心
奶冰	红豆牛奶冰冷
奶冰	红豆牛奶冰沙
奶冰	芋头牛奶冰冷
奶冰	芒果牛奶冰沙
奶冰	草原酸奶冰糕
奶冰	蓝莓牛奶冰沙
奶冰	鲜奶冰棒
奶卷	咖啡酸奶卷边
奶啤	牛奶啤酒
奶啤	特色牛奶啤酒
奶条	奶味雪条
奶条	奶茶薯条
奶果	芒果奶油芒果奶油
奶棒	奶酪包饭蟹棒
奶油	奶条黄油
奶油	奶酪黄油
奶油	奶香黄油
奶油	奶香土司黄油
奶油	奶香曲奇黄油
奶油	奶香爆米花黄油
奶油	奶香面包黄油
奶油	芒果鲜奶油杯
奶油	鸡蛋牛奶油条
奶泡	淡奶泡芙
奶片	奶油馍片
奶片	奶油草莓切片
奶片	奶油蛋糕照片
奶片	奶糖药片
奶片	奶酪印尼虾片
奶片	奶酪品客薯片
奶片	奶酪薯片
奶片	奶酪虾片
奶片	奶酪面包切片
奶片	麦片奶茶麦片奶茶
奶球	奶盐半球
奶球	奶茶晶球
奶球	奶茶环球
奶球	奶酪足球
奶球	奶酪雪球
奶球	寒天晶球奶茶寒天晶球奶茶
奶球	鸳鸯魔球奶茶鸳鸯魔球奶茶
奶瓶	全成豆奶瓶装
奶瓶	原味豆奶瓶装
奶瓶	原味酸奶瓶装
奶瓶	原味酸牛奶瓶装
奶瓶	唯怡豆奶瓶装
奶瓶	希腊酸奶瓶装
奶瓶	炼奶瓶装
奶瓶	牛奶瓶装
奶瓶	特浓酸奶瓶装
奶瓶	红枣酸奶瓶装
奶瓶	纯牛奶瓶装
奶瓶	维他豆奶瓶装
奶瓶	维他豆奶瓶装饮料
奶瓶	维维豆奶瓶装
奶瓶	花生牛奶瓶装
奶瓶	豆奶瓶装
奶瓶	酸奶瓶装
奶瓶	酸牛奶瓶装
奶瓶	银鹭花生牛奶瓶装
奶瓶	风味酸奶瓶装
奶瓶	香蕉牛奶瓶装
奶瓶	鲜奶瓶装
奶盐	奶昔焦糖海盐
奶粉	维维豆奶粉袋
奶粉	豆奶粉袋
奶粉	鲜奶粉色
奶粉	鲜奶粉色佳人
奶精	奶茶妖精
奶精	椰奶精品水果
奶糖	椰奶糖水
奶糖	椰子牛奶糖果
奶糖	酸奶糖果
奶绿	椰奶绿豆
奶绿	椰奶绿豆冰
奶绿	椰奶绿豆冰沙
奶绿	椰奶绿豆汤
奶绿	椰奶绿豆粥
奶绿	椰奶绿豆糖水
奶绿	椰奶绿豆西米露
奶绿	椰奶绿豆沙
奶绿	椰汁牛奶绿豆沙汤圆
奶绿	椰汁牛奶绿豆西米露
奶绿	椰汁鲜奶绿豆冰
奶绿	淡奶绿豆
奶绿	淡奶绿野仙踪
奶绿	炼奶绿茶饼
奶绿	炼奶绿豆沙
奶绿	牛奶绿茶
奶绿	牛奶绿豆
奶绿	牛奶绿豆冰
奶绿	牛奶绿豆凉粉
奶绿	牛奶绿豆口味
奶绿	牛奶绿豆汤
奶绿	牛奶绿豆沙
奶绿	牛奶绿豆沙冰
奶绿	牛奶绿豆爽
奶绿	牛奶绿豆粥
奶绿	牛奶绿豆糖水
奶绿	牛奶绿豆西米
奶绿	珍奶绿茶
奶绿	珍珠鲜奶绿茶
奶绿	纯牛奶绿茶
奶绿	芒果酸奶绿茶
奶绿	芒果鲜奶绿茶
奶绿	茶奶绿茶
奶绿	豆奶绿茶
奶绿	豆奶绿茶味
奶绿	酸奶绿茶
奶绿	酸奶绿豆
奶绿	酸奶绿豆沙
奶绿	酸奶绿豆龟苓膏
奶绿	鲜奶绿妍
奶绿	鲜奶绿星
奶绿	鲜奶绿豆
奶绿	鲜奶绿豆冰
奶绿	鲜奶绿豆糖水
奶绿	鲜奶绿豆西米露
奶绿	鲜奶绿茶
奶绿	鲜奶绿豆沙
奶绿	鲜牛奶绿茶
奶绿	黄金珍奶绿茶
奶绿	黑糖珍珠鲜奶绿研
奶绿	黑糖珍珠鲜奶绿茶
奶罐	旺仔牛奶罐装
奶罐	银鹭花生牛奶罐装
奶花	奶绿樱花
奶茶	仙草冻奶茶冻
奶茶	仙草冻奶茶杯
奶茶	冻奶茶冻
奶茶	冻奶茶杯
奶茶	换奶茶点
奶茶	果奶茶冻
奶茶	果奶茶杯
奶茶	椰奶茶饮
奶茶	炼奶茶冻
奶茶	热奶茶杯
奶茶	热奶茶点
奶茶	牛奶茶饭
奶茶	糖奶茶杯
奶茶	鲜奶茶标
奶茶	鲜奶茶点
奶茶	鲜奶茶王
奶茶	鲜奶茶饮
奶豆	牛奶豆乳
奶酒	奶油培根白酒
奶酒	奶茶啤酒
奶酥	大奶酥软
奶香	奶油爆米花浓香
奶香	奶酪棒飘香
奶香	椰奶香芋
奶香	麦香奶茶麦香奶茶
奶黄	奶油蛋黄
奶黄	奶油金黄
奶黄	奶油面蛋黄
奶黄	奶糕蛋黄
奶黄	奶香小馒头蛋黄
奶黄	希腊酸奶黄桃
奶黄	希腊酸奶黄瓜
奶黄	炒酸奶黄桃
奶黄	牛奶黄桃
奶黄	牛奶黄油
奶黄	酸奶黄桃
奶黄	酸奶黄桃罐头
奶黄	酸奶黄桃西米露
奶黄	酸奶黄金豆
奶黄	风味酸奶黄桃
奶黄	鲜奶黄桃芒果
奶黄	鲜奶黄桃蛋糕
好时	美好时刻
好美	味好美白
姜蛋	姜糖水鸡蛋
姜蛋	姜薯鸡蛋
姜辣	姜王热辣
姜辣	姜葱香辣
姜辣	生姜辣味
姜鸡	沙姜鸡汤
姜鸡	沙姜鸡爪
姜鸡	沙姜鸡饭
姜鸡	生姜鸡蛋
姜鸭	仔姜鸭子
姜水	姜片脱水
姜水	姜饼清水
姜片	姜汤鱼片
姜糖	红姜糖粥
姜糖	酸姜糖心
姜茶	姜汁巧克力古早珍珠奶茶
姜茶	干姜茶包
姜茶	生姜茶冻
姜茶	生姜茶壶
姜茶	生姜茶杯
姜茶	生姜茶王
姜茶	生姜茶饮
姜茶	老姜茶杯
姜茶	老姜茶汤
姜茶	老姜茶油炒鸡
姜薯	姜汁番薯
姜薯	姜汁汤圆番薯
姜醋	姜片陈醋
姜黄	葱姜黄鱼面
婚礼	求婚礼物
婴贝	婴儿皇家宝贝
子姜	杞子姜茶
子姜	栗子姜汁
子姜	肉酱茄子姜葱鸡
安心	平安心形
定糕	定金蛋糕
定食	固定食盆
定食	固定食盘
定食	指定食材
宝矿	怡宝矿泉水
宝矿	怡宝矿泉水瓶
宝鸡	八宝鸡丁
宝鸡	宫宝鸡丁
实蛋	实弹毛蛋
实蛋	实惠大酱炒鸡蛋
实蛋	实惠装鲜鸡蛋
实蛋	实物咸鸭蛋
实蛋	果实蛋糕
实蛋	果实蛋黄
实蛋	盛夏的果实蛋糕
宠儿	萌宠儿童蛋糕
家烧	本家烧鸭饭
家烧	老家烧麦
密瓜	哈密瓜果
寿喜	祝寿喜宴
寿喜	祝寿喜庆
寿喜	福寿喜财
寿面	长寿面包
小胃	小米粥养胃
小酥	小方奶酥
小酥	小腿香酥
小酥	小食香酥
小酪	小方乳酪
小骨	小分手抓排骨
小骨	小炒糖醋排骨
小骨	小炒花菜排骨
小麻	芝麻小饼芝麻小饼
小面	大小面盆
小面	大小面筋
小面	最小面筋
小面	牛肉板面小碗牛肉板面小碗
小面	豌杂面小碗豌杂面小碗
小瓜	南瓜小米粥南瓜小米粥
小瓜	小碗刀拍黄瓜
小瓜	金瓜小米粥金瓜小米粥
小笋	小肠煲芦笋
小笋	苦笋小肠煲苦笋小肠煲
小肉	瘦小肉串
小肉	老小肉丝
小米	小厨大米
小贝	小包旺旺仙贝
小贝	小号扇贝
小贝	小炒肉西贝
小贝	小牛鲜贝
小贝	小猪佩奇靓贝
小贝	小米粥干贝
小贝	小肠粥干贝
小贝	小锅干贝
小贝	小饼西贝
小饼	大小饼干
尔康	惠尔康果
尾虾	凤尾虾仁炒饭
山粉	干山粉饺
山粉	溪山粉皮
山椒	天山椒麻鸡
山椒	深山椒麻鸡
山椒	青椒山药青椒山药
山竹	华山竹干
山竹	大凉山竹笋
山竹	大山竹子
山竹	淮山竹筒面
山竹	深山竹荪
山竹	百山竹木
山竹	西山竹叶
山竹	野山竹笋
山竹	香山竹笋
山竹	高山竹林鸡
山竹	高山竹笋
山竹	黄山竹林
山竹	黄山竹笋烧肉
山羊	带皮黑山羊肉
山羊	高山羊肉串
山羊	高山羊齿
山羊	黑山羊肉
山芋	乐山芋儿烧鸡
山芋	雪山芋圆芒果
山芋	高山芋头排骨汤
山药	奇山药片
山药	干山药片
山药	梅山药片
山药	梅山药袋
山药	泰山药片
山药	淮山药粥
山药	白雪山药汁
山药	皮山药片
山药	香山药片
山鸡	座山鸡肉松
山鸡	淮山鸡肉
山鸡	淮山鸡肉粥
山鸡	淮山鸡蛋
山鸡	火山鸡翅
山鸡	狼山鸡蛋
山鸡	高山鸡汤
山鸡	麻山鸡丁
川泡	四川泡菜
川椒	四川椒盐酥
川粉	吴川粉皮
川粉	四川粉丝
川粉	四川粉条
川贝	德川贝勒
工大	化工大学
工大	手工大包
工大	手工大米
工大	手工大红
工大	手工大肠
工大	手工大豆
工大	手工大鸡排
工大	手工大饼
工大	校工大全
工大	纯手工大包
布拉	拖布拉杆
布雷	塔布雷色
布鞋	底布鞋套
带汤	海带汤生
带汤	海带汤饭
带面	绷带面膜
带丝	海带丝儿
带骨	海带骨头煲
带鱼	丝带鱼羹
带鱼	丝带鱼锅
带鱼	海带鱼丸
带鱼	海带鱼丸汤
带鱼	海带鱼饼汤
带鱼	热带鱼食
带鱼	珠带鱼酱油水
带鱼	白带鱼羹
带鱼	皮带鱼丸
带鱼	绕带鱼块
常大	五常大米饭
干发	单干发财树
干汁	干豆付丝鸡汁
干汁	干豆皮卤汁
干酒	干杯啤酒
干鸡	豆干鸡蛋
干鸭	风干鸭架
干炸	干丝油炸
干炸	干子油炸
干炸	油炸干巴油炸干巴
干炸	豆干炸串
干烧	笋干烧鸡
干烧	菌干烧烤炒饭
干烧	豆干烧烤味
干烧	豆香干烧烤味
干烧	风味豆干烧烤味
干蒸	笋干蒸肉
干蒸	香干蒸肉
干碟	香干碟子
干饺	干菜肉饼煎饺
干丝	毛豆笋干丝瓜
干丝	烤干丝被
干丝	笋干丝瓜汤
干丝	笋干丝瓜
干冰	果干冰粉
干子	干锅梭子
干子	干锅鸽子
干杂	鸡杂干锅鸡杂干锅
干果	卤干果汁
干果	夹心饼干果香
干果	威化饼干果汁
干果	威化饼干果汁味
干果	曲奇饼干果味
干果	茶干果仁菠菜
干果	酥性饼干果味
干果	饼干果味
干果	饼干果子
干果	饼干果盘
干果	饼干果香
干洗	晾干洗衣
干洗	晾干洗衣液
干洗	晾干洗衣粉
干洗	速干洗脸
干粉	香干粉丝包
干红	压缩饼干红枣
干红	干椒小红
干红	梅干红烧肉
干红	注心饼干红酒
干红	注心饼干红酒巧克力
干红	笋干红烧肉
干红	饼干红枣
干红	饼干红枣口味
干红	饼干红豆
干红	香干红烧肉
干肉	芹菜香干肉丝
干肉	香干肉丝
干肠	烤干肠子
干花	压缩饼干花生
干花	夹心饼干花生
干花	威化饼干花生
干花	小鱼干花生
干花	笋干花生豆
干花	笋干花生
干花	豆干花生
干花	风干花束
干花	饼干花生
干花	饼干花生酱
干花	香干花生
干花	香干花生米
干草	威化饼干草莓味
干菜	梅干菜饭
干菜	梅干菜饼
干虾	干贝鲜虾
干虾	干酱鱼虾
干虾	干锅大虾
干虾	鱼干虾米
干虾	鲜虾干贝粥鲜虾干贝粥
干豆	尖椒炒干豆腐
干豆	熏干豆腐卷
干豆	蒸干豆角
干面	果干面包
干面	笋干面筋
干面	笋干面粉
干面	粉干面条
干面	腊香干面粉
干面	饼干面团
干面	香干面粉
干饭	香干饭盒
干鱼	干贝鲍鱼
干鱼	干面酸辣鱿鱼
干鱼	干饭小鱼
干鱼	干饭青椒小鱼
干鱼	炒干鱼仔
干鱼	粉干鱼头
平锅	平底炒锅
年猪	每年猪肝
年糕	中年糕团
度可	零度可乐
康师	健康师傅
康王	小康王子
强生	奇强生姜
彩灯	七彩灯笼椒
彩纸	七彩纸杯
彩纸	彩色贴纸
德芙	慕德芙蓉
心管	开心管饱
快菜	快餐凉菜
快菜	快餐梅菜
怡宝	中怡宝水
怡宝	小怡宝水
意饭	意面焗饭
意粉	创意粉白
意粉	创意粉色
意粉	创意粉色款
意粉	如意粉丝
意粉	如意粉皮
意粉	得意粉丝煲
意粉	心意粉色玫瑰
意粉	玉如意粉皮
意面	乐意面巾纸
意面	介意面糊
意面	任意面包
意面	任意面包蛋挞
意面	任意面条
意面	任意面皮
意面	任意面食
意面	创意面包
意面	创意面盆
意面	如意面包条
意面	如意面筋
意面	如意面馆
意面	我愿意面巾
意面	满意面包
意面	玉如意面包
意面	随意面包
意面	随意面条
意面	雅意面巾
感康	感温日康
战马	决战马甲线
扁粉	扁食炒河粉
扁粉	扁食汤蛋炒河粉
扁肉	干扁肉丝
扁肉	干扁肉末四季豆
扁肉	扁食牛肉
扁肉	鲜肉扁食鲜肉扁食
扁豆	干扁豆丝
扁豆	干扁豆芽
扁豆	干扁豆角
扁鱼	干扁鱼块
扇骨	扇贝鱿鱼脆骨
手扒	新手扒鸡
手面	炖猪手面粉
手面	秘制猪手面粉
手面	红烧猪手面粉
手打	选手打卡
手抓	小手抓饭
手抓	素手抓饭
手卷	左手卷饼
手套	五香猪手套餐
手套	分手套餐
手套	南乳猪手套餐
手套	卤水猪手套餐
手套	卤猪手套餐
手套	原味抄手套餐
手套	原汤抄手套餐
手套	双手套餐
手套	口味猪手套餐
手套	台湾猪手套餐
手套	小手套餐
手套	扳手套装
手套	抄手套餐
手套	招牌猪手套餐
手套	暖手套餐
手套	杀手套餐
手套	歌手套餐
手套	炖猪手套餐
手套	烤猪手套餐
手套	焖猪手套餐
手套	牛肉抄手套餐
手套	猪手套餐
手套	白切猪手套餐
手套	秘制猪手套餐
手套	红烧猪手套餐
手套	红焖猪手套餐
手套	美容猪手套餐
手套	老卤猪手套餐
手套	老麻抄手套餐
手套	花生猪手套餐
手套	葱油猪手套餐
手套	辣猪手套餐
手套	酱香猪手套餐
手套	金牌卤猪手套餐
手套	金牌猪手套餐
手套	隆江猪手套餐
手套	香卤猪手套餐
手套	香辣猪手套餐
手套	骑手套餐
手套	骨汤抄手套餐
手套	麻辣抄手套餐
手套	麻辣猪手套餐
手套	黄豆炖猪手套餐
手套	黄豆猪手套餐
手套	黄金猪手套餐
手电	抢手电热
手电	枪手电热
手纸	好帮手纸桶
打蛋	打卤面肉沫鸡蛋
打蛋	番茄鸡蛋打卤面番茄鸡蛋打卤面
打蛋	西红柿鸡蛋打卤面西红柿鸡蛋打卤面
打面	主打面食
打面	打底单面
打面	打糕条拉面
扣碗	扣肉大碗
扣碗	扣肉小碗
扣碗	蒸碗扣肉蒸碗扣肉
扣肉	丝扣肉包
扣肉	双扣肉粉
扣肉	折扣肉排
扣肉	折扣肉松海苔
扣肉	猪脚扣肉粉
抄粉	抄手面粉
护具	护理家具
拉粉	拉皮火锅宽粉
拉粉	拉长裹粉
拉糕	拉面芝心年糕
拉糕	拉面火锅牛肉年糕
拉丝	朵拉丝饼
拉丝	苏拉丝芝
拉皮	德拉皮耶
拉皮	沙拉皮蛋鸭卷
拉皮	西拉皮诺
拉皮	阿拉皮亚
拉肠	布拉肠粉
拉茶	大虾芒果沙拉茶饮
拉茶	沙拉茶点
拉茶	沙拉茶饮
拉茶	鸡肉沙拉茶饮
拉面	三明治沙拉面包
拉面	乳酪沙拉面包
拉面	加拉面锅
拉面	北海道沙拉面包
拉面	古拉面袋
拉面	哈密瓜沙拉面包
拉面	培根色拉面包
拉面	奶酪沙拉面包
拉面	提拉面包
拉面	提拉面膜
拉面	提拉面膜贴
拉面	撕拉面膜
拉面	斯拉面膜
拉面	明太子土豆沙拉面包
拉面	柠檬沙拉面皮
拉面	欧若拉面膜
拉面	水果沙拉面包
拉面	沙拉面包棒
拉面	沙拉面包片
拉面	沙拉面包
拉面	沙拉面包虾
拉面	海苔沙拉面包
拉面	火腿沙拉面包
拉面	火腿沙拉面包片
拉面	热狗沙拉面包
拉面	牛肉沙拉面包
拉面	特拉面杯
拉面	玉米沙拉面包
拉面	素拉面粉
拉面	肉松沙拉面包卷
拉面	肉松沙拉面包
拉面	脆皮沙拉面包
拉面	色拉面包
拉面	色拉面包套餐
拉面	芝士沙拉面包
拉面	芝士蔬菜沙拉面包
拉面	芝麻沙拉面包
拉面	莎拉面包
拉面	菠萝沙拉面包
拉面	营养沙拉面包
拉面	萨拉面包
拉面	蓝莓沙拉面包
拉面	蔬菜沙拉面包
拉面	蛋沙拉面包
拉面	贝拉面包
拉面	里拉面包片
拉面	金拉面汤
拉面	阿拉面包
拉面	雅拉面条
拉面	香肠沙拉面包
拉面	马苏里拉面包
拉面	鸡肉沙拉面包
拉面	鸡肉肠沙拉面包
拉面	鸡蛋沙拉面包
拉面	麦拉面筋
拉面	黑芝麻沙拉面包
拌米	拌饭奶酪玉米
拌螺	凉拌螺旋藻
拌饼	拌菜虾饼
拌川	四川拌面四川拌面
拌川	拌面柳川
拌汤	拌面清汤
拌汤	拌面虾汤
拌汤	拌面骨汤
拌汤	拌面高汤
拌汤	拌饭海鲜浓汤
拌汤	拌饭骨汤
拌汤	肉汤拌饭肉汤拌饭
拌汤	鸡汤拌饭鸡汤拌饭
拌面	凉拌面刀
拌面	凉拌面巾
拖线	拖把棉线
拖线	拖鞋上线
拖鞋	棉拖鞋带
捆肉	捆绑芝士蟹肉
捆肉	捆绑蟹肉
捞丁	捞面五丁
捞粉	捞面面粉
捞粉	蟹粉捞面蟹粉捞面
捞饺	捞面凤城水饺
捞饺	捞面家乡水饺
捞饺	捞面水饺
排条	猪排条约
排条	肋排条约
排条	鸡排条约
排饭	海苔牛排饭团
排饭	牛排饭团
排饭	猪排饭山
排饭	猪排饭团
排包	嘎吱鸡排包角布
排包	纸包排骨纸包排骨
排便	劲爆鸡排便当
排便	咖喱鸡排便当
排便	奥尔良鸡排便当
排便	日式鸡排便当
排便	比脸还大的鸡排便当
排便	照烧鸡排便当
排便	牛排便当
排便	红烧大排便当
排便	脆皮鸡排便当
排便	香酥鸡排便当
排便	鱼排便当
排便	鸡排便当
排叉	铁板鸡排叉烧
排叉	鸡排叉烧
提子	提前坯子
提子	提前椰子
提子	提前焖茄子
提子	提前篮子
提子	提前肘子
提子	提前胚子
提子	提前草莓盒子
提子	提前鸽子
提子	提拉米苏盒子
提子	提拉米苏罐子
提子	提花格子
提花	手提花盒
提花	手提花篮
提花	手提花蓝
摩提	按摩提拉
撒汤	撒尿牛丸卤汤
撒汤	撒尿牛丸药膳鸡汤
撒汤	撒尿牛丸骨汤
撒汤	撒尿牛丸鸡汤
撒汤	撒尿牛丸粉清汤
撒汤	撒尿牛肉丸灌汤
撒汤	撒尿牛肉丸骨汤
撕鸡	土耳其手撕鸡肉披萨
散粉	散装河粉
散粉	散装面粉
整鱼	整个鱿鱼
整鸡	完整鸡心
整鸡	整个素鸡
整鸡	调整鸡胗
敷眼	热敷眼罩
斋肠	素斋肠粉
料酒	塑料酒杯
料酒	山料酒王
料酒	饮料酒水
料酒	香料酒瓶
方包	方式打包
无皮	无骨炸豆皮
无皮	无骨麻将凉皮
无脂	无骨脱脂
无油	无色鞋油
无油	无骨凤爪红油
无油	无骨鸡爪红油
无油	无骨鸭掌红油
无油	酱油无骨酱油无骨
无油	酱油无骨炸鸡酱油无骨炸鸡
无油	酱油无骨鸡酱油无骨鸡
无糖	无油低糖
日清	夏日清新
日清	夏日清火
日清	夏日清炒凉瓜
日清	夏日清爽
日清	夏日清阳
日清	夏日清凉
日清	夏日清爽沙拉
日清	朝日清爽
日清	朝日清爽型
日清	每日清新
日清	每日清馨
日清	每日清馨吐司
日面	日用网面
日韩	生日韩式
明太	半透明太空包
明胶	透明胶布
明胶	透明胶带
明胶	透明胶带卷
明虾	建明虾饺皇
星专	三星专用
星专	明星专款
星选	星空精选
春笋	蕲春笋干
春菜	富春菜心
春菜	春卷榨菜
春菜	春卷芥菜
春菜	春卷韭菜
春菜	春天荠菜
春菜	春笋荠菜
春菜	春笋雪菜
春菜	生菜春卷生菜春卷
春菜	素菜春卷素菜春卷
春菜	荠菜春卷荠菜春卷
春菜	蔬菜春卷蔬菜春卷
春菜	青春菜饭
晒被	凉晒被子
景天	全景天窗
暖姜	暖茶生姜
暖宝	电暖宝蓝色
暖手	保暖手套
暖手	暖心骑手
暖手	温暖手套
暖手	电暖手袋
月经	岁月经典
月饼	初月饼干
朝鲜	北朝鲜明
木炭	老北京果木炭火烤鸭
木瓜	香木瓜片
本味	日本味千拉面
本味	日本味觉糖
本子	日本子弹
本子	日本子弹头
机油	有机油麦菜
杂米	牛杂米线
杂粉	羊杂粉汤
条肉	条约鸡肉
条虾	油条虾米丝瓜
来凤	旺来凤梨酥
杯蛋	方杯蛋糕
松糕	松饼模蛋糕
松花	古松花椒粉
板烧	铁板烧烤味
板烧	铁板烧烤店
板烧	铁板烧烤炉
板烧	铁板烧饼
板烧	铁板烧饼夹蛋
板栗	圆板栗子
板栗	铁板栗子鸡
板油	石板油麦菜
板油	铁板油麦菜
板油	鱼板油炸
板面	叫板面筋
板面	平板面巾纸
板面	平板面纸
板面	石板面条
板面	蟹老板面包蟹
板面	钢板面儿
板面	铁板面包
板面	铁板面包片
板面	铁板面巾
板面	铁板面条
板面	铁板面皮
板面	铁板面筋
板面	铁板面筋串
板面	铁板面筋块
板面	铁板面粉
板面	铁板面酱
板面	铁板面食
板面	鱼板面包
板面	鱼板面杯
板面	鱼板面盒
板面	鱼板面码
板面	鱼板面碗
板面	鱼板面筋
板面	鱼板面袋
板面	鱼板面骨
林红	椿林红薯粉
果切	水果切刀
果切	水果切板
果切	苹果切片
果切	苹果切片器
果条	果味饮料油条
果条	果汁汉堡薯条
果条	果汁油条
果条	果汁牛肉堡薯条
果条	果汁薯条
果条	果汁鸡柳薯条
果条	果汁饮料炸薯条
果条	果粒鸡米花薯条
果条	果肉炒面条
果条	果茶汉堡薯条
果条	果茶薯条
果条	水果条形
果条	炒果条粉
果条	综合水果条形
果条	芒果条块
果柚	果蜜红西柚
果汤	白果汤药
果派	水果派对
果派	香果派对
果派	鲜果派对
果冻	椰果冻顶乌龙
果冻	芒果冻饮
果啤	青苹果啤酒杯
果奶	奥利奥芒果奶油杯
果奶	巧克力水果奶油卷
果奶	新鲜水果奶油蛋糕
果奶	水果奶杯
果奶	水果奶油
果奶	水果奶油卷
果奶	水果奶油盒子
果奶	水果奶油杯
果奶	水果奶油蛋糕
果奶	水果奶油裸蛋糕
果奶	水果奶茶
果子	白果子鱼
果干	水果干红葡萄酒
果干	白果干贝
果珍	坚果珍珠
果珍	果汁菓珍
果珍	果糖奇珍
果珍	椰果珍珠
果珍	椰果珍珠奶茶
果珍	榛果珍珠奶茶
果珍	水果珍珠
果珍	水果珍珠奶茶
果珍	水果珍珠茶
果珍	芒果珍珠奶茶
果珍	芒果珍珠
果珍	苹果珍珠奶茶
果茶	水果茶冻
果茶	水果茶园
果茶	水果茶壶
果茶	花果茶壶
果酒	什锦水果酒酿小圆子
果酒	椰果酒酿圆子
果酒	椰果酒酿小圆子
果酒	水果酒酿丸子
果酒	水果酒酿圆子
果酒	芒果酒杯
果酒	芒果酒酿奶茶
果酒	青苹果酒杯
果酒	鲜果酒酿丸子
果酒	鲜果酒酿汤圆
果饮	坚果饮品
果饮	坚果饮料瓶
枣茶	姜枣茶包
枪腿	手枪腿骨
柚子	西柚子味
柴鸡	净柴鸡蛋
柿饼	甜柿饼盒
标婷	标准洁婷
栗红	板栗红枣
栗红	板栗红烧肉
栗鸡	板栗鸡丝粥
栗米	栗子排骨汤玉米
格拉	网格拉链袋
格瑞	马格瑞塔
桂冠	月桂冠京
桂冠	月桂冠牌
桂皮	香桂皮包
桃李	杨桃李香
桃李	樱桃李干
桃李	樱桃李果
桃汁	椰汁桃胶椰汁桃胶
桃胶	黄桃胶冻
桌布	餐桌布置
梁山	大梁山碑
梅糖	梅饼果糖
梅汁	梅菜扣肉原汁
梅汁	梅菜扣肉蜜汁
梅汁	蜜汁梅肉蜜汁梅肉
梅汁	蜜汁梅花肉蜜汁梅花肉
梅片	梅菜扣肉水煮肉片
梅花	甘梅花枝丸
梅花	话梅花生
梅花	青梅花茶
梅酒	杨梅酒壶
梅酒	松梅酒瓶
梨水	凤梨水果盒子蛋糕
梨水	菲律宾进口凤梨水果盒子蛋糕
梨汤	花梨汤勺
梨汤	银耳雪梨汤杯
梨汤	雪梨汤壶
梨汤	雪梨汤瓶
棉面	纯棉面巾
棉垫	棉柔护垫
棉拖	木棉拖把
棉拖	海棉拖把
棉拖	纯棉拖把
棉拖	胶棉拖头
棉拖	胶棉拖布
棉拖	胶棉拖把
棉条	棉拖彩条
棉条	棉花柳条
棉条	纯棉条纹
棉条	锦棉条纹
棉花	木棉花纸
棉花	木棉花语
棒面	奶棒面包
棒骨	肉棒骨块
棒骨	肉棒骨汤
棒骨	香棒骨汤
椒粉	剁椒粉丝生蚝
椒盐	尖椒盐菜
椒盐	尖椒盐菜回锅肉
椒盐	油椒盐水
椒盐	鲜椒盐水
椒盐	鲜椒盐水虾
椒辣	椒盐鸡翅香辣
椒辣	藤椒辣子
椰丝	椰奶酥金丝
椰丝	椰子汁干丝
椰丝	椰枣金丝
椰丝	椰汁粉丝
椰丝	椰汁蜜丝
椰丝	椰青金丝
椰奶	椰汁黑糯米鲜奶
椰奶	金椰奶茶
椰奶	香椰奶油曲奇
椰奶	香椰奶茶
椰奶	鲜椰奶冻
椰浆	椰汁龟苓膏红枣豆浆
椰浆	椰糖原浆
椰肉	椰子汁果肉
椰菜	椰子味紫菜
椰菜	花椰菜饭
榄菜	橄榄菜单
榄菜	橄榄菜粥
榨菜	压榨菜油
榨菜	压榨菜籽油
橘红	蜜橘红心火龙果
橙天	香橙天然植物
橙宝	橙汁冬宝
橙皮	赣南脐橙皮肤
欧包	欧式烘焙面包
欧包	欧式肉松面包
欧包	欧皇红包
欧包	简欧包装
比萨	丘比萨拉
比萨	加比萨里
毛花	毛巾印花
毛毯	鸡毛毯子
毛芋	毛肚魔芋
毛菜	咸菜毛豆咸菜毛豆
毛菜	雪菜毛豆雪菜毛豆
毛菜	雪菜毛豆肉丝雪菜毛豆肉丝
毛蛋	羽毛蛋糕
毛豆	皮毛豆荚
毛鸡	毛菜蛋鸡
气水	霸气水果茶
气泡	元气泡菜
气泡	元气泡菜肥牛炒饭
气泡	夜气泡茶
气泡	玫瑰洛神气泡茶
气球	加气球迷
气筒	人气筒骨
气筒	顺气筒骨萝卜汤
水抽	水枪手抽
水橙	芬达汽水橙味
水特	水晶杯肖特
水豆	水果派红豆
水豆	泉水豆腐
水豆	泉水豆芽
水音	水流中音
水煎	糖水煎堆
水爆	井水爆肚
水爆	放水爆肚
水爆	水果蛋糕火爆
水蛋	临水蛋糕
水蛋	冷水蛋汤
水蛋	清水蛋糕
水蛋	高山流水蛋糕
水包	水煮蛋肉包
水彩	吸水彩星
水桶	净水桶装
水梨	水果洋梨
水牛	加水牛奶鸡蛋醪糟
水牛	碱水牛角面包
水牛	纯水牛奶
水牛	防水牛仔
水牛	防水牛仔布
水瓶	橙味汽水瓶装
水瓶	汽水瓶装
水瓶	盐汽水瓶装
水笋	咸水笋尖
水笋	水饺荠菜冬笋
水笋	水饺青笋
水笋	清水笋丝
水笋	清水笋片
水粉	水饺面粉
水粉	清水粉丝
水粉	香水粉白
水芋	水晶粉丝魔芋
水芹	水饺香芹
水芹	水饺鲜肉香芹
水蛇	天水蛇果
水面	吸水面巾
水面	浆水面条
水面	浆水面片
水面	清水面筋
水面	清水面筋包
水面	碱水面包
水面	补水面膜
水面	香水面巾纸
水鱼	卤水鱼旦
水鱼	卤水鱼蛋
水鱼	卤水鱼饼
水鱼	口水鱼片
水鱼	咸水鱼皮
水鱼	淡水鱼片
水鱼	淡水鱼丸
水鱼	深水鱼头
水鱼	秀水鱼头粉
水鱼	跳水鱼尾
水鱼	跳水鱼片
水鱼	香水鱼片
汁鸡	蜜汁鸡排饭
汉菜	蔬菜汉堡蔬菜汉堡
江小	两江小白
江小	周长江小豆
江小	湛江小炒皇
江小	湛江小生蚝
江鱼	乌江鱼锅
汤包	上汤包菜
汤包	中份鸡汤包装
汤包	骨汤包菜
汤包	鸡汤包装
汤团	粉汤团粉
汤圆	原汤圆面
汤圆	大汤圆素
汤圆	清汤圆面
汤圆	肉汤圆熟
汤圆	肉汤圆盒
汤圆	肉汤圆碗
汤圆	肉汤圆面
汤圆	蛋汤圆碗
汤圆	面汤圆碗
汤圆	骨汤圆面
汤圆	高汤圆面
汤圆	鲜汤圆面
汤子	哨子汤面哨子汤面
汤子	汤勺筷子
汤子	汤来鸡蛋柿子
汤子	汤米牛肉柿子
汤子	汤粉鸽子
汤子	汤面木须柿子
汤子	汤面柿子
汤子	汤面牛肉柿子
汤子	汤面鸡蛋柿子
汤子	汤饭柿子
汤子	汤饭牛肉柿子
汤子	汤饭牛腩柿子
汤子	汤饭蚬子
汤子	汤饭酸菜丸子
汤子	汤饭鸽子
汤子	汤饭套餐牛肉柿子
汤水	上汤水饺
汤水	原汤水饺
汤水	浓汤水盆
汤水	清汤水饺
汤水	靓汤水饺
汤水	骨汤水饺
汤水	高汤水饺
汤水	鲜汤水煮
汤水	鲜汤水饺
汤水	鸡汤水饺
汤水	鸭汤水晶粉
汤水	鸭汤水饺
汤河	猪肚鸡汤河粉
汤河	鸡汤河粉
汤碗	大碗汤面大碗汤面
汤碗	汤盆大碗
汤罐	肉汤罐头
汤锅	山药鸡汤锅仔
汤锅	米汤锅巴粥
汤锅	羊汤锅巴
汤锅	羊汤锅仔
汤锅	老汤锅仔
汤锅	鸡汤锅巴
汤锅	鸭汤锅巴
汤骨	高汤骨头锅
汽糕	汽车生日蛋糕
沙冰	山楂豆沙冰糖葫芦
沙冰	浪沙冰晶
沙冰	浪沙冰爽
沙冰	老长沙冰粉
沙冰	老长沙冰糖
沙冰	豆沙冰皮
沙冰	豆沙冰皮月饼
沙冰	豆沙冰粉
沙冰	豆沙冰糖粽
沙冰	豆沙冰糖葫芦
沙包	玫瑰豆沙包子
沙包	白沙包装
沙包	豆沙包子
沙司	沙拉套餐寿司
沙士	沙拉坚果芝士
沙士	沙拉蛋香芝士
沙士	沙拉雪花芝士
沙士	沙拉香热奇士
沙士	沙拉香热骑士
沙士	沙拉拼盘香热奇士
沙士	沙拉酱奶香芝士
沙士	沙拉酱芝士
沙士	沙滩男士
沙士	番茄水牛芝士沙拉番茄水牛芝士沙拉
沙士	芝士沙拉芝士沙拉
沙士	芝士沙拉紫菜包饭芝士沙拉紫菜包饭
沙士	芝士沙拉鸡排芝士沙拉鸡排
沙士	金枪鱼芝士沙拉金枪鱼芝士沙拉
沙拉	加沙拉加
沙拉	加沙拉手
沙拉	加沙拉米
沙拉	加沙拉里
沙拉	叻沙拉面
沙拉	娘惹叻沙拉面
沙拉	新加坡叻沙拉面
沙拉	泥沙拉手
沙拉	泥沙拉球
沙拉	流沙拉丝
沙拉	玛沙拉茶
沙拉	豆沙拉丝
沙拉	风沙拉大
沙拉	风沙拉面
沙拉	马沙拉蒂
沙拉	麦沙拉香
沙果	草莓冰沙果泥
沙田	金沙田鸡
沙皮	沙姜鸡饭陈皮
沙皮	沙拉冰皮
沙皮	沙棘汁面皮
沙茶	克沙茶饼
沙茶	加沙茶汤
沙茶	豆沙茶果
沙茶	豆沙茶糕
沙茶	香沙茶王
沙蒜	金沙蒜香
沙虾	龙虾沙拉酥香鸡排龙虾沙拉酥香鸡排
沙锅	沙姜焗鸡砂锅
沙锅	玫瑰豆沙锅盔
沙锅	豆沙锅盔
沙锅	豆沙锅饼
沙锅	金沙锅巴
沙面	枣沙面包
沙面	流沙面包
沙面	豆沙面包
河牛	香河牛肉饼套餐
油蛋	淡奶油蛋糕
油蛋	鸡蛋油条鸡蛋油条
油果	奶油果糖
油果	油条白果
油果	油条苏果
油果	油炸类盐焗腰果
油果	牛油果味
油泡	乳脂奶油泡芙
油泡	印油泡沫
油泡	奶油泡芙
油泡	榛子奶油泡芙
油泡	红油泡菜
油泡	脆皮奶油泡芙
油泡	香油泡菜
油爆	油焖大虾小份火爆
油葱	油焖大闸蟹姜葱
油面	加油面筋
油面	咖啡奶油面包
油面	大油面筋
油面	奶油面包
油面	奶油面包片
油面	油煎双面
油面	油煎蛋双面
油面	油盐饼发面
油面	油酥烧饼发面
油面	油饼发面
油面	油饼烫面
油面	清油面筋
油面	牛油面包
油面	玫瑰果油面霜
油面	红油面筋
油面	红豆奶油面包
油面	老奶油面包
油面	草莓奶油面包
油面	菜油面筋
油面	葱油面骨
油面	酥油面包干
油面	马油面霜
油面	黄油面包
油面	黄油面包干
油面	黄油面包片
油香	大油香儿
油香	奶油香甜味
油香	奶油香肠
油香	奶油香草味
油香	奶油香蕉
油香	奶油香酥鸡
油香	奶油香草
油香	奶油香菇
油香	清油香辣
油香	清油香辣锅底
油香	牛油香辣拌面
油香	牛油香辣锅底
油香	猪油香肠
油香	精油香氛
油香	红油香干子
油香	红油香笋
油香	耗油香菇
油香	脆皮奶油香蕉
油香	茶油香辣
油香	茶油香酥鸡
油香	葱油香菇面
油香	黄油香蒜面包
油鱼	豆豉鲮鱼油麦豆豉鲮鱼油麦
油鱼	豆豉鲮鱼油麦菜豆豉鲮鱼油麦菜
油腰	红油腰子粉
油腰	葱油腰花
油腰	黄油腰果
油螺	葱油螺丝
油饭	鸡油饭盒
油卷	油条春卷
油卷	油条花卷
油条	加油条粉
油条	葱油条虾
油条	酱油条虾
油枣	牛油枣泥酥
油栗	奶油栗子粉
油栗	生油栗子
油桃	奶油桃瓣
油桃	奶油桃酥
油桃	葱油桃酥
油渣	加油渣粉
油渣	猪油渣块
油渣	猪油渣子
油渣	麻油渣土
油炸	加油炸饼
油纸	奶油纸皮核桃
油纸	奶油纸杯蛋糕
油纸	巧克力奶油纸杯蛋糕
油纸	淡奶油纸杯
油纸	淡奶油纸杯蛋糕
油纸	牛油纸杯蛋糕
油茶	奶油茶汤
油茶	葱油茶干
油菜	油渣大白菜
油菜	油炸豆腐大白菜
油菜	油皮白菜
油菜	清油菜心
油菜	猪油菜饭
油菜	白油菜苔
油菜	白菜油渣白菜油渣
油菜	盐油菜心
油菜	红油菜头
油菜	红油菜心
油菜	红油菜苔
油菜	耗油菜心
油菜	葱油菜芯
油菜	葱油菜心
油菜	蚝油菜心
油菜	豉油菜心
油菜	酱油菜花
油菜	酸油菜干
油菜	香油菜苔
油菜	麻油菜心
油菜	麻油菜脯
油菜	麻油菜芯
油蛤	葱油蛤蜊
油豆	油菜土豆
油豆	白油豆腐
油豆	红油豆瓣
油豆	红油豆瓣酱
油豆	红油豆豉味
油豆	红油豆腐丝
油豆	茶油豆腐
油豆	葱油豆皮
油豆	葱油豆腐皮
油豆	酱油豆腐干
油边	大油边儿
油边	油菜湖边
油醋	糖醋油条糖醋油条
油醋	风油醋汁
油饼	亮油饼夹辣子
油饼	原味黄油饼干
油饼	大黄油饼干袋
油饼	大黄油饼干
油饼	奶油饼干盒
油饼	奶油饼干
油饼	安佳黄油饼干
油饼	小奶油饼干
油饼	小黄油饼干
油饼	巧克力奶油饼干
油饼	手工黄油饼干
油饼	榛子奶油饼干
油饼	淡奶油饼干
油饼	牛油饼干
油饼	糖油饼茶
油饼	芒果奶油饼干
油饼	草莓奶油饼干
油饼	蛋饼油条套餐蛋饼油条套餐
油饼	酱油饼干
油饼	酱油饼盒
油饼	重油饼干
油饼	香草奶油饼干
油饼	鱼油饼干
油饼	鲜奶油饼干
油饼	黄油饼干
油鸡	奶油鸡肉味
油麻	清油麻辣锅底
油麻	牛油麻辣锅底
泡水	气泡水果汁
泡粉	气泡粉色佳人
泡姜	泡椒牛蛙仔姜
泡姜	泡椒肥肠仔姜
泡姜	泡菜仔姜
泡菜	豆泡菜花
泡酒	起泡酒瓶
波子	波奇北海道带子
波克	波罗马克
波派	波巴老派
波龙	宁波龙游
波龙	扬波龙井茶
波龙	杨波龙井茶
波龙	波霸乌龙
波龙	波霸奶茶乌龙
波龙	茗波龙井茶
泥蒿	蒜泥蒿菜
泥螺	蒜泥螺丝
泰鱼	鲜虾墨鱼泰皇炒饭鲜虾墨鱼泰皇炒饭
泰勒	永泰勒菲
泰山	同泰山楂罐头
洋葱	开洋葱油拌面
洋酒	小洋酒杯
洋酒	方洋酒杯
洋酒	翁洋酒杯
浆面	粉浆面条
浆面	豆浆面包
浆水	制浆水菜
浆水	椰浆水果西米露
浆水	酒浆水菜
浴花	淋浴花洒
海丁	大海丁一
海丁	海带土豆片宫保鸡丁
海丁	海带排骨米饭布丁
海丁	海盐焦糖布丁
海丁	海盐马丁
海丁	海盐奶茶焦糖布丁
海丁	海鲜汤宫保鸡丁
海带	东海带鱼段
海带	东海带鱼
海灵	海洋蓝精灵
海苔	上海苔条花生
海草	上海草本
海草	上海草莓音乐节
海草	临海草莓
海草	晶海草莓罐头
海草	深海草莓
海草	深海草虾
海草	誉海草莓酥
海草	青海草原酸奶
海草	面海草丝
海草	龙海草莓
海菜	上海菜饭
海菜	海带白菜
海青	碧海青天
润肺	润喉清肺
淡菜	清淡菜粥
混菜	素菜混搭素菜混搭
混顿	混合立顿
混顿	混合水果立顿
清体	清新剂固体
清体	清香剂固体
清乐	大清乐园
清凉	蛋清凉茶
清汤	福清汤粉
清汤	蛋清汤面
清酒	清河韩国烧酒
渣肉	油渣肉丝
渣肉	油渣肉丝炒饭
温泉	低温泉水
湾仔	台湾仔姜鸭
湿面	保湿面膜
湿面	保湿面膜盒
湿面	保湿面霜
溜肉	滑溜肉片
溪螺	小溪螺丝
溪鱼	小溪鱼干
溶豆	速溶豆浆
溶豆	速溶豆浆粉
溶豆	速溶豆粉
滋鱼	乐滋鱼排
滋源	滋养花源
滋肾	滋补牛鞭汤养肾
滑粉	丝滑粉饼
滑粉	透滑粉饼
滑粉	鱼滑粉汤
滑牛	丝滑牛奶巧克力
滑肉	防滑肉色
滑蛋	丝滑蛋糕
滑蛋	丝滑蛋糕奶茶
滑蛋	丝滑蛋黄
滑蛋	滑爽鸡蛋
滑蛋	爽滑蛋肠
滑蛋	爽滑蛋面
滑蛋	细滑蛋挞
滑蛋	芒果丝滑蛋糕
满减	圆满减脂
漏鱼	水漏鱼子
澳白	锐澳白桃
澳橙	锐澳橙味
火机	火锅丸子随机
火烧	下火烧骨
火烧	下火烧骨粥
火烧	大火烧包
火烧	大火烧烤肠
火烧	慢火烧鱼杂
火烧	旺火烧鸡
火烧	旺火烧鸡半只
火烧	明火烧制
火烧	明火烧焦
火烧	明火烧鸭
火烧	明火烧鸭例牌
火烧	明火烧鸭粥
火烧	明火烧鸭饭
火烧	明火烧鹅
火烧	柴火烧制
火烧	柴火烧糊
火烧	柴火烧饼
火烧	柴火烧鸭
火烧	柴火烧鸭饭
火烧	柴火烧鹅
火烧	柴火烧鹅饭
火烧	柴火烧鱼
火烧	柴火烧鸡
火烧	水火烧烤肠
火烧	汤火烧饼
火烧	炭火烧烤味
火烧	炭火烧肠
火烧	炭火烧饼
火烧	炭火烧鸭
火烧	炭火烧鸭煲仔饭
火烧	炭火烧烤
火烧	炭火烧鸡
火烧	烈火烧饼
火烧	烤火烧饼
火烧	篝火烧烤味
火烧	老火烧骨粥
火烧	老火烧鸡
火烧	老火烧鸡脚
火烧	老火烧鸭饭
火烧	萤火烧烤
火烧	降火烧骨粥
火腿	老火腿脚
火鸡	冒火鸡胗
火鸡	冰火鸡块
火鸡	大火鸡翅
火鸡	惹火鸡肉卷
火鸡	慢火鸡丝粥
火鸡	文火鸡爪
火鸡	文火鸡腿套餐饭
火鸡	文火鸡腿煲
火鸡	明火鸡汤
火鸡	柴火鸡公煲小煲
火鸡	柴火鸡块
火鸡	柴火鸡汁笋
火鸡	柴火鸡蛋炒饭
火鸡	炭火鸡煲
火鸡	炭火鸡爪
火鸡	炭火鸡爪锅
火鸡	炭火鸡脖
火鸡	炭火鸡腿
火鸡	炭火鸡腿扒
火鸡	烤火鸡爪
火鸡	烤火鸡肉卷
火鸡	烤火鸡胸
火鸡	烤火鸡腿
火鸡	真火鸡翅
火鸡	红火鸡胗
火鸡	老火鸡块
火鸡	老火鸡腿
火鸡	辣火鸡爪
火鸡	香火鸡串
灯带	灯串束带
炉包	明炉包菜
炒鸡	爆炒鸡蛋刀削面
炒鸡	爆炒鸡蛋方便面
炒鸡	爆炒鸡蛋盖浇饭
炒鸡	爆炒鸡蛋米粉
炒鸡	爆炒鸡蛋饭
炒鸡	爆炒鸡血
炒鸡	爆炒鸡血旺
炖锅	乱炖锅贴饼子
炭烤	木炭烤炉
炸鸡	油炸鸡毛菜
炸鸡	油炸鸡肉味
炸鸡	油炸鸡肉洋葱圈
炸鸡	油炸鸡蛋面
炸包	油炸包菜
炸菜	油炸菜饼
炸菜	炸串青菜
炸菜	炸酱酸菜
炸菜	炸酱面酸菜
炸菜	炸饺韭菜
炸菜	菠菜炸酱面菠菜炸酱面
炸饼	油炸饼干
炸鱼	轰炸鱼饼
点心	一点心动
点心	一点心意
点心	有一点心动
点心	花点心思
点心	花点心意
点心	西点心形
点菜	加点菜椒
点菜	加点菜量
点菜	多点菜汤
烟草	无烟草莓
烟草	无烟草莓味
烟酒	无烟酒精
烤三	烧烤三层肉
烤三	碳烤三鲜
烤冷	户外烧烤冷鲜
烤冷	烤肠西冷
烤冷	烧烤冷切肠
烤土	碳烤土豆片
烤奶	炙烤奶酪大虾
烤奶	炙烤奶酪芝士
烤奶	炙烤奶香
烤奶	烤翅黄金珍奶
烤奶	烤肉饭芝士酸奶
烤奶	烤肠水蜜桃炒酸奶
烤奶	烤肠炒酸奶
烤奶	烤肠热巧克力牛奶
烤奶	烤肠牛奶
烤奶	烤肠红枣牛奶
烤奶	烤肠酸奶
烤奶	麻辣烧烤奶油口味
烤烧	烤鳗蒲烧
烤烧	碳烤烧饼
烤牛	幺妹烧烤牛肉干
烤牛	果木碳烤牛肉干
烤牛	炙烤牛乳
烤牛	现烤牛奶布丁
烤牛	盼盼烧烤牛肉味
烤牛	碳烤牛乳
烤生	烤肉味多味花生
烤生	碳烤生蚝
烤红	现烤红豆吐司
烤红	电烤红心地瓜
烤红	碳烤红薯片
烤串	碳烤串烧拼盘
烤肉	烧烤肉味
烤肉	现烤肉松
烤肉	现烤肉松包
烤肉	现烤肉松卷
烤肉	现烤肉松吐司
烤肉	现烤肉松小贝
烤肉	现烤肉松沙拉
烤肉	现烤肉松甜甜圈
烤肉	现烤肉松芝士
烤肉	现烤肉松蛋吐司
烤肉	现烤肉松酥饼
烤肉	现烤肉松面包
烤肉	现烤肉松饼
烤菜	烧烤菜单
烤菜	烧烤菜花
烤饼	烧烤饼夹
烤饼	烧烤饼干
烤饼	烧烤饼干盒
烤饼	煎烤饼夹
烤饼	现烤饼干
烤饼	碳烤饼干
烧乳	新西兰岩烧乳酪
烧乳	秘制红烧乳鸽
烧乳	红烧乳鸽皇
烧仙	炭烧仙草丝滑
烧味	叉烧味增汤
烧味	燃烧味蕾
烧羊	招牌红烧羊肉面
烧羊	碳烧羊肉串
烧羊	红烧羊排
烧羊	红烧羊肉粉
烧羊	红烧羊肉面
烧腐	红烧腐乳
烧辣	火烧辣子
烧辣	烧烤串香辣
烧辣	红烧辣条
烧肉	火烧肉味
烧水	炭烧水果捞
烧水	红烧水库
烧水	红烧水晶粉
烧水	红烧水笋
烧水	红烧水饺
烧水	红烧水鱼
烧汁	烧卖肉汁
烧汁	烧烤味酱汁
烧汁	烧肠蜜汁
烧汁	烧饼果汁
烧汁	烧鸡饭蜜汁
烧汁	烧鸭双拼姜汁
烧汁	烧鹅蜜汁
烧汁	烧麦肉汁
烧汁	蜜汁烧鸡蜜汁烧鸡
烧白	串烧白果
烧白	火烧白皮
烧白	焖烧白玉
烧白	焖烧白菜
烧白	碳烧白炽
烧白	糟烧白酒
烧白	红烧白仓鱼
烧白	红烧白带鱼
烧白	红烧白果
烧白	红烧白油肚条
烧白	红烧白菜
烧白	红烧白菜牛肉盖浇饭
烧白	红烧白豆
烧白	红烧白马
烧酒	燃烧酒酿
烧酒	红烧酒糟
烧酒	金牌红烧酒糟
烧饭	叉烧饭团
烧饭	烧烤味鸡翅包饭
烧饭	秘制叉烧饭团
烧饼	方烧饼干
烧饼	炭烧饼干
烧饼	碳烧饼干
烧骨	碳烧骨肉相连
烧麦	岩烧麦香
烧麦	炭烧麦芽奶茶
烧麦	炭烧麦香
烧麦	红烧麦穗
烩肉	杂烩肉片
烩鱼	烩饭鱿鱼
烩菜	杂烩菜单
烩菜	素烩菜锅
烩面	大杂烩面汤
烩面	杂烩面条
烩面	杂烩面海
烩面	杂烩面片
烩面	杂烩面粉
烩面	海鲜杂烩面汤
烩面	海鲜杂烩面粉
烩面	素烩面片
烩饭	海鲜大杂烩饭团
烩饼	烩菜小饼
烩饼	烩菜油饼
烩饼	烩饭肉饼
烫饭	烫菜下饭
烫饭	烫菜套餐米饭
烫饭	烫菜盖饭
烫饭	烫菜稀饭
热干	加热干面
热干	热狗粉干
热干	热狗豆干
热柠	酷热柠檬
热米	热狗肠玉米
热锅	热气火锅
热汤	加热汤盆
热汤	耐热汤勺
热汤	耐热汤煲
热饭	热狗一碗炒饭
热饭	热狗农家炒饭
热饭	热狗巨无霸炒饭
热饭	热狗米饭
热饭	热狗腿排炒饭
热饭	热狗酱油炒饭
热饭	热狗黑椒牛肉粒炒饭
热饭	热狗肠捞饭
热饭	热饮红烧肉盖饭
热饭	热饮鸡排盖饭
热饭	电热饭盒
热奶	冷热奶茶
热奶	加热奶茶
热奶	包热奶茶
热奶	热卖酸奶
热奶	热狗酸奶
热奶	热狗套餐鲜奶
热奶	热销鲜奶
热水	冷热水壶
热水	大热水果羹
热水	清热水瓜
热水	电热水壶
热水	电热水管
热水	耐热水杯
热水	耐热水果汁
热水	隔热水晶杯
热水	隔热水杯
热狗	加热狗包
热面	加热面包
热面	加热面筋
热面	炎热面包
热面	热卖店面
热面	热带烤冷面
热面	热水冷面
热面	热水玉米冷面
热面	热水袋布面
热面	热水袋绒面
热面	热狗东北烤冷面
热面	热狗什锦炒面
热面	热狗凉面
热面	热狗哈尔滨烤冷面
热面	热狗海鲜炒面
热面	热狗炒面
热面	热狗炸酱拉面
热面	热狗烤冷面
热面	热狗特色烤冷面
热面	热狗肉丝炒面
热面	热狗葱油拌面
热面	热狗套餐海鲜炒面
热面	热狗棒焖面
热面	热狗肠冷面
热面	热狗肠卷面
热面	热狗肠宽面
热面	热狗肠扁豆焖面
热面	热狗肠拌面
热面	热狗肠炒面
热面	热狗肠烤冷面
热面	热狗肠蛋炒面
热面	热狗肠鱼丸炒面
热面	热狗肠麻将拌面
热面	热门大肠炒面
热面	热食冷面
热面	热食意面
热面	热食桶面
热面	热饮扁豆焖面
热面	热饮牛排意面
热面	热饮麻辣香锅焖面
热面	热饮黑胡椒意面
热饮	冷热饮品
热饮	冷热饮料
热饮	冷热饮水机
热饮	加热饮料
热饮	加热饮水机
热饮	加热饮用
热饮	即热饮水机
热饮	可加热饮水机
热饮	可加热饮用
热饮	电热饮水机
热饮	速热饮水机
热饮	隔热饮水杯
焖汁	焖鸡烧汁
焖汁	焖鸡鲍汁
焖汁	焖鸡饭鲍汁
焖猪	红焖猪手
焖羊	红焖羊腩
焖菜	梅菜焖肉梅菜焖肉
焖菜	焖面五花肉炖酸菜
焖辣	焖鱼麻辣
焖虾	油焖虾尾
焖虾	焖面大虾
焖虾	焖面香辣大虾
焖虾	鲜虾焖面鲜虾焖面
焖肉	油焖肉末茄子
焖肉	红焖肉圆
焖肉	红焖肉干
焖肉	红焖肉蛋
焖肉	红焖肉豆
焖锅	焖面砂锅
焖面	油焖面包蟹
焖面	油焖面筋
焖面	焖子烤冷面
焖面	红焖面筋
焖面	红焖面筋塞肉
焖鱼	红焖鱼块
焖鱼	红焖鱼腩饭
焖鱼	红焖鱼头
煎板	煎蛋鱼板
煎豆	上海灌汤生煎豆浆
煎豆	小米绿豆煎饼小米绿豆煎饼
煎豆	煎蛋秘制土豆
煎豆	煎饼果子纯绿豆
煎豆	纯绿豆煎饼纯绿豆煎饼
煮蛋	煮馍番茄鸡蛋
煮蛋	煮馍西红柿鸡蛋
熟虾	熟食小龙虾
燃具	燃料锅具
燕麦	白燕麦圈
爆汁	爆炒肉汁
爆珠	爆炸珍珠
爆头	火爆头菜
爆头	爆击芋头
爆炒	火爆炒面
爪煲	排骨拼凤爪煲仔饭
爱他	爱好者吉他
爱玉	可爱玉米包
爱豆	最爱豆皮
片皮	图片皮带
片皮	生滚鱼片皮蛋粥
片皮	肉片皮蛋汤
片皮	香菜鱼片皮蛋汤
片皮	鱼片皮蛋
片皮	鱼片皮蛋汤
片皮	鱼片皮蛋瘦肉粥
片皮	鱼片皮蛋粥
片皮	鱼片皮蛋豆腐汤
片皮	黄瓜肉片皮蛋汤
片川	木耳肉片川香
片汤	香菇肉片汤饭
牛咖	泡菜肥牛咖喱烩饭
牛咖	肥牛咖喱饭
牛培	肥牛培根
牛干	小黄牛干巴
牛拉	牛扒饭沙拉
牛棒	蒙牛棒冰
牛焖	牛杂红焖
牛焖	牛杂套餐红焖
牛焖	红焖牛排红焖牛排
牛焖	红焖牛腩饭红焖牛腩饭
牛焖	肥牛焖锅
牛煮	水煮牛肉水煮牛肉
牛片	大片牛肉大片牛肉
牛片	牛蛙鱼片
牛物	谷物牛奶谷物牛奶
牛花	安格斯雪花牛排安格斯雪花牛排
牛豆	咖喱土豆牛肉饭咖喱土豆牛肉饭
牛豆	土豆牛肉木桶饭土豆牛肉木桶饭
牛豆	土豆牛肉饭土豆牛肉饭
牛豆	土豆牛腩饭土豆牛腩饭
牛豆	红豆牛奶红豆牛奶
牛豆	红豆牛奶西米露红豆牛奶西米露
牛豆	青稞红豆牛奶青稞红豆牛奶
牛血	牛肉丸粉丝汤鸭血
牛血	牛肉汤补血
牛血	牛蛙套餐麻辣鸭血
牛鱼	鳗鱼牛肉饭鳗鱼牛肉饭
牛卷	牛奶味蛋卷
牛卷	肥牛卷包
牛乳	蜗牛乳液
牛乳	香牛乳茶
牛乳	香牛乳钙
牛奶	小牛奶味
牛奶	新西兰肥牛奶茶
牛奶	水牛奶瓶装
牛奶	水牛奶酪
牛奶	水牛奶酪披萨
牛奶	牦牛奶粉
牛奶	牦牛奶酪
牛奶	牦牛奶茶
牛奶	红牛奶茶
牛奶	老牛奶油饼干
牛奶	耗牛奶酪棒
牛奶	肥牛奶酪
牛奶	蒙牛奶昔
牛奶	蒙牛奶片
牛奶	蒙牛奶粉
牛奶	蒙牛奶糕
牛奶	蒙牛奶糖
牛奶	蓝牛奶粉
牛奶	蜗牛奶绿
牛奶	青牛奶茶
牛奶	香辣肥牛奶茶
牛排	乐牛排插
牛排	公牛排叉
牛排	公牛排插
牛排	公牛排插线
牛排	公牛排线板
牛排	小牛排便
牛排	小牛排骨煲
牛排	星牛排插
牛排	泰牛排插
牛黄	蒙牛黄桃
狗肉	培根热狗肉松卷
狗肉	小狗肉松系列
狗肉	热狗肉丝炒饭
狗肉	热狗肉松
狗肉	热狗肉松三明治
狗肉	热狗肉松包
狗肉	热狗肉松卷
狗肉	热狗肉松培根
狗肉	热狗肉松寿司
狗肉	热狗肉松手抓饼
狗肉	热狗肉松沙拉
狗肉	热狗肉松火腿
狗肉	热狗肉松煎饼
狗肉	热狗肉松面包
狗肉	热狗肉松鸡蛋
独胃	独立开胃
猪汤	猪肚骨汤
猪汤	猪脚金汤
猪腱	黑猪腱子
猪蛋	猪扒鸡蛋
猪蛋	鸡蛋猪肉鸡蛋猪肉
猪饭	猪肉鱼香肉丝盖饭
猪饭	猪肉丸汤饭
猪饭	猪肉饼拌饭
猪大	猪手煲特大
猪大	黑猪大排
猪嘴	馋嘴猪手馋嘴猪手
猪头	卤猪头皮
猪头	小猪头皮
猪头	香猪头皮
猪头	香猪头骨
猪心	土猪心约
猪手	卤猪手套
猪手	小猪手把串
猪手	小猪手拿
猪手	小猪手表
猪手	小猪手表带
猪手	猪蹄徒手
猪手	猪蹄沾手
猪手	黑猪手工
猪排	卤猪排便
猪柳	猪肉蟹柳
猪柳	猪肉大串红柳
猪油	猪肉石锅拌饭酱油
猪爪	黑猪爪子
猪皮	卤猪皮盒
猪皮	小猪皮儿
猪皮	小猪皮克
猪粉	猪肉丸腌米粉
猪红	土猪红烧肉
猪脚	卤猪脚圈
猫砂	熊猫砂纸
猫粮	猫儿朵粗粮
猫粮	猫牙太粮
猫粮	猫耳粗粮
猫食	猫罐主食
玉面	玉米一面
玉面	玉米干捞面
玉菇	玉米香菇
玉菇	香菇玉米粥香菇玉米粥
玉米	宝玉米线
玉米	小玉米饭
玉米	洁玉米兰春天
玉米	洁玉米色
玉米	白玉米浆
玉米	白玉米糕
玉米	黄玉米饭
玉豆	玉米扁豆
玉豆	玉米粥绿豆
玉豆	白玉豆腐
玉鱼	玉米肉水饺鲅鱼
珠江	联珠江面
香烟	香薰无烟
香瓜	五香瓜子
香瓜	奶香瓜子
香瓜	水煮五香瓜子
香瓜	香蕉甜瓜
香芹	水芹香干水芹香干
香茅	酱香茅台
香草	天香草莓
香草	奶香草莓
香草	奶香草莓味
香草	奶香草莓慕斯
香草	安香草莓
香草	提香草莓
香草	果香草莓
香草	果香草莓味
香草	椰香草莓
香草	椰香草鱼
香草	清香草莓味
香草	纯香草莓蛋糕
香草	蒜香草鱼
香草	醇香草莓
香草	醇香草莓奶
香草	馨香草莓
香菜	乳香菜碟
香菜	五香菜芯
香菜	圣香菜心
香菜	浓香菜籽油
香菜	牛肉茴香菜饼
香菜	纯香菜籽油
香菜	茴香菜饼
香菜	蒜香菜苔
香菜	蒜香菜心
香菜	醇香菜籽油
香豆	奶香豆花
香豆	香辣味土豆
马肉	罗马肉酱
马肉	罗马肉酱焗饭
马肉	罗马肉食者披萨
马卡	旋转木马卡通蛋糕
马耳	马蹄云耳
马耳	马蹄雪耳
高菜	格力高菜园
高菜	高汤酸菜
高汤	加高汤锅
高汤	增高汤包
高筋	高压牛板筋
鱼下	酱焖鱼下颌
鱼下	酱焖鱼下颚
鱼味	五谷原味鱼粉五谷原味鱼粉
鱼味	原味鱼粉原味鱼粉
鱼味	滋味鱼头滋味鱼头
鱼味	美味鱼头美味鱼头
鱼味	风味鱼头风味鱼头
鱼味	风味鱼皮风味鱼皮
鱼味	鱼丸美味
鱼味	鱼丸风味
鱼味	鱼卷风味
鱼味	鱼块湘味
鱼味	鱼片美味
鱼味	鱼皮滋味
鱼味	鱼皮美味
鱼味	鱼粥鲜味
鱼味	鱼面原味
鱼味	鱼饺美味
鱼味	鱼饼鲜味
鱼响	黄鱼响铃
鱼小	干锅鱿鱼小锅
鱼小	红烧全鱼小炒
鱼火	烤鱼火腿肠
鱼火	蒲烧鳗鱼火山
鱼火	鱿鱼火腿拌饭
鱼烧	芝士焗鳗鱼烧饭
鱼烧	铁板鱿鱼烧烤
鱼烧	鲍鱼烧麦皇
鱼牛	鱼丸酸菜肥牛
鱼牛	鲍鱼牛蛙锅
鱼豆	王鱼豆腐
鱼辣	鱼腐麻辣
鱼辣	麻辣鱼丸麻辣鱼丸
鱼辣	麻辣鱼肚麻辣鱼肚
鱼醋	糖醋鱼块糖醋鱼块
鱼醋	糖醋鱼片糖醋鱼片
鱼鸡	双鱼鸡柳
鱼鸡	双鱼鸡柳串
鱼鸡	鱿鱼鸡丁炒饭
鱼鸡	鲍鱼鸡丝粥
鱼丝	鱼头汤笋丝
鱼果	芒果鱼籽芒果鱼籽
鱼果	鱼丸白果
鱼果	鱼乐坚果
鱼果	鱿鱼果汁
鱼冻	鳄鱼冻疮
鱼包	卡帝乐鳄鱼包芯丝
鱼尾	人鱼尾巴
鱼板	铁板鱼杂铁板鱼杂
鱼板	鲜鱼板面
鱼柳	雪菜黄鱼柳春
鱼水	墨鱼水饺
鱼油	豆豉鲮鱼油麦菜
鱼油	豆鼓鲮鱼油麦菜
鱼油	鲮鱼油麦
鱼油	鲮鱼油麦菜
鱼油	鳞鱼油麦菜
鱼泡	万州烤鱼泡椒
鱼泡	万州烤鱼泡椒味
鱼泡	咸鱼泡饭
鱼泡	墨鱼泡面
鱼泡	墨鱼泡饭
鱼泡	外婆家醉鱼泡椒味
鱼泡	大汤黄鱼泡饭
鱼泡	天鱼泡椒卤
鱼泡	小仓鱼泡饭
鱼泡	小鱼泡椒
鱼泡	小鱼泡椒味
鱼泡	小黄鱼泡饭
鱼泡	小龙鱼泡椒味
鱼泡	川府烤鱼泡椒味
鱼泡	巫山烤全鱼泡菜味
鱼泡	带鱼泡椒味
鱼泡	捞汁鲍鱼泡饭
鱼泡	杂鱼泡馍
鱼泡	水鱼泡饭
鱼泡	江小鱼泡面
鱼泡	河鱼泡饭
鱼泡	浓汤黄鱼泡饭
鱼泡	海鲈鱼泡椒味
鱼泡	清江野鱼泡椒味
鱼泡	湄公鱼泡椒味
鱼泡	烤全鱼泡椒味
鱼泡	烤草鱼泡椒味
鱼泡	烤鱼泡椒味
鱼泡	烤鲫鱼泡椒
鱼泡	烤黑鱼泡椒味
鱼泡	特色甲鱼泡饭
鱼泡	特色鲫鱼泡椒
鱼泡	甲鱼泡饭
鱼泡	甲鱼泡馍
鱼泡	目鱼泡饭
鱼泡	秋刀鱼泡菜味
鱼泡	秋刀鱼泡菜火锅
鱼泡	秋刀鱼泡菜锅
鱼泡	秋刀鱼泡菜汤
鱼泡	章鱼泡菜
鱼泡	章鱼泡菜粥
鱼泡	精品鲍鱼泡菜汤
鱼泡	红烧带鱼泡饭
鱼泡	纸上烤草鱼泡椒
鱼泡	纸上烤鱼泡椒味
鱼泡	草鱼泡椒味
鱼泡	草鱼泡椒
鱼泡	豆豉鲮鱼泡面
鱼泡	豆豉鲮鱼泡饭
鱼泡	财鱼泡饭
鱼泡	辣鱼泡椒味
鱼泡	辣鱼泡饭
鱼泡	酸汤鲫鱼泡饭
鱼泡	酸菜财鱼泡饭
鱼泡	酸菜黑鱼泡饭
鱼泡	酸辣鱿鱼泡饭
鱼泡	野生甲鱼泡饭
鱼泡	铁板鳗鱼泡菜炒饭
鱼泡	锡纸鱿鱼泡面
鱼泡	锡纸鲍鱼泡面
鱼泡	雪菜黄鱼泡饭
鱼泡	青鱼泡菜汤
鱼泡	青鱼泡菜石锅
鱼泡	韩式鱿鱼泡菜炒饭
鱼泡	韩式鱿鱼泡菜饼
鱼泡	香辣鱿鱼泡饭
鱼泡	香鱼泡椒味
鱼泡	鱿鱼泡椒
鱼泡	鱿鱼泡椒味
鱼泡	鱿鱼泡椒火锅米线
鱼泡	鱿鱼泡椒酸菜米线
鱼泡	鱿鱼泡脚
鱼泡	鱿鱼泡菜拌饭
鱼泡	鱿鱼泡菜汤
鱼泡	鱿鱼泡菜炒年糕
鱼泡	鱿鱼泡菜炒饭
鱼泡	鱿鱼泡菜石锅
鱼泡	鱿鱼泡菜石锅拌饭
鱼泡	鱿鱼泡菜蛋包饭
鱼泡	鱿鱼泡菜辛拉面
鱼泡	鱿鱼泡面
鱼泡	鱿鱼泡饭
鱼泡	鱿鱼泡菜饼
鱼泡	鲍鱼泡菜
鱼泡	鲍鱼泡饭
鱼泡	鲜鱼泡饭
鱼泡	鲫鱼泡椒味
鱼泡	鲫鱼泡馍
鱼泡	鲮鱼泡面
鱼泡	鲷鱼泡饭
鱼泡	鳕鱼泡菜
鱼泡	鳗鱼泡菜拉面
鱼泡	鳗鱼泡菜肥牛饭
鱼泡	鳗鱼泡菜炒饭
鱼泡	鳗鱼泡饭
鱼泡	鳝鱼泡饭
鱼泡	麻辣鱿鱼泡饭
鱼泡	黄鱼泡饭
鱼泡	黑鱼泡椒味
鱼泡	黑鱼泡菜
鱼泡	黑鱼泡菜味
鱼生	人鱼生日蛋糕
鱼生	咸鱼生炒牛肉饭
鱼生	咸鱼生菜丝
鱼生	墨鱼生煎
鱼生	小鱼生日蛋糕
鱼生	带鱼生蚝
鱼生	带鱼生蚝粥
鱼生	干鱿鱼生菜
鱼生	敏鱼生米
鱼生	深海鳕鱼生菜
鱼生	烤鲫鱼生蚝扇贝
鱼生	烤鳗鱼生蚝
鱼生	芝士鳕鱼生煎
鱼生	豆豉鲮鱼生炒
鱼生	豆豉鲮鱼生菜
鱼生	财鱼生菜
鱼生	财鱼生菜粥
鱼生	醉鱼生态
鱼生	金鱼生姜
鱼生	鱿鱼生姜烧
鱼生	鱿鱼生粉
鱼生	鱿鱼生肠
鱼生	鱿鱼生菜
鱼生	鱿鱼生蚝
鱼生	鱿鱼生蚝扇贝
鱼生	鱿鱼生蚝粥
鱼生	鱿鱼生蚝肠粉
鱼生	鱿鱼生蚝花甲粉
鱼生	鲮鱼生菜
鱼生	鳄鱼生日蛋糕
鱼生	鳗鱼生菜
鱼生	黄鱼生菜
鱼生	黄鱼生煎
鱼白	双鱼白米醋
鱼白	扁鱼白菜
鱼皮	炸鱼皮角
鱼皮	熏鱼皮肚面
鱼皮	王鱼皮角
鱼皮	蒸鱼皮角
鱼皮	酥炸鱼皮面
鱼皮	鱿鱼皮蛋粥
鱼皮	鳄鱼皮质
鱼皮	鳕鱼皮蛋
鱼皮	鳕鱼皮蛋粥
鱼翅	小鱼翅膀
鱼肚	咖喱鱿鱼肚子里有料
鱼胶	美鱼胶冻
鱼胶	鮸鱼胶冻
鱼腐	鲑鱼腐皮
鱼蛋	人鱼蛋糕
鱼蛋	仔鱼蛋粉
鱼蛋	墨鱼蛋鸡
鱼蛋	墨鱼蛋黄酥
鱼蛋	小鱼蛋糕
鱼蛋	小鳄鱼蛋糕
鱼蛋	手打鱼蛋面
鱼蛋	打鱼蛋汤
鱼蛋	打鱼蛋粉
鱼蛋	涮鱼蛋肠
鱼蛋	深海鳕鱼蛋卷
鱼蛋	火炙鲷鱼蛋黄酱
鱼蛋	煎鳗鱼蛋卷
鱼蛋	红鱼蛋粉
鱼蛋	芝士鳗鱼蛋卷
鱼蛋	草头银鱼蛋饼
鱼蛋	酱鱼蛋面
鱼蛋	银鱼蛋羹
鱼蛋	银鱼蛋饼
鱼蛋	鱿鱼蛋肠
鱼蛋	鱿鱼蛋黄卷
鱼蛋	鲅鱼蛋黄
鱼蛋	鲔鱼蛋饼
鱼蛋	鲫鱼蛋汤
鱼蛋	鲮鱼蛋饺
鱼蛋	鳄鱼蛋糕
鱼蛋	鳗鱼蛋黄
鱼蛋	鳗鱼蛋黄卷
鱼蛋	鳗鱼蛋黄寿司
鱼蛋	鳗鱼蛋黄紫菜包饭
鱼蛋	鳗鱼蛋卷
鱼蛋	黄金鱼蛋汤
鱼蛋	黄金鱼蛋袋
鱼蛋	黄金鱼蛋鸡
鱼酥	香酥鱼块香酥鱼块
鱼酥	鱼仔香酥
鱼面	三鲜鱼面筋
鱼面	人鱼面膜
鱼面	墨鱼面包
鱼面	柴鱼面包
鱼面	江小鱼面包脆
鱼饼	小鱼饼干
鱼饼	辣鱼饼锅
鲁花	中鲁花生酥
鲍鱼	干鲍鱼翅饭
鲜意	鲜花创意
鲜糕	鲜花生日蛋糕
鲜奶	优鲜奶片
鲜奶	冰鲜奶茶
鲜奶	新鲜奶油
鲜奶	新鲜奶油枣
鲜奶	新鲜奶油水果
鲜奶	新鲜奶油水果杯
鲜奶	新鲜奶油水果蛋糕
鲜奶	新鲜奶油草莓
鲜奶	新鲜奶油草莓蛋糕
鲜奶	新鲜奶油葡萄
鲜奶	新鲜奶油蛋糕
鲜奶	新鲜奶油面包
鲜奶	新鲜奶源
鲜奶	新鲜奶茶
鲜奶	新鲜奶酪
鲜奶	新鲜奶酪球
鲜奶	新鲜奶香
鲜奶	新鲜奶香面包
鲜奶	新鲜奶黄包
鲜奶	海鲜奶油浓汤
鲜奶	海鲜奶油粉
鲜奶	海鲜奶油芝士焗饭
鲜奶	海鲜奶酪
鲜奶	海鲜奶酪面
鲜奶	海鲜奶油意大利面
鲜奶	海鲜奶油意面
鲜奶	海鲜奶油通心粉
鲜奶	海鲜奶油面
鲜奶	焗海鲜奶油意大利面
鲜奶	绿鲜奶茶
鲜奶	青鲜奶茶
鲜奶	香鲜奶味
鲜奶	香鲜奶茶
鲜奶	香鲜奶茶拿铁
鲜果	新鲜果冻
鲜蛋	三鲜蛋糕
鲜鱿	海鲜鱿鱼酥
鲜鸡	三鲜鸡汤
鲜鸡	三鲜鸡精
鸟贝	黄鸟贝一
鸟蛋	愤怒的小鸟蛋糕
鸟蛋	蜂鸟蛋糕
鸡包	鸡肉梅干菜肉包
鸡包	鸡胸纸包
鸡包	鸡蛋荷包
鸡大	鸡排饭套餐香大
鸡工	手工鸡蛋面手工鸡蛋面
鸡手	大盘土鸡手撕包菜
鸡手	宝鸡手工擀面皮
鸡手	烤鸡手串
鸡手	特色焖鸡手工肉圆
鸡手	老式烧鸡手撕
鸡手	风味烤鸡手拍
鸡手	鸡丝巧手
鸡手	鸡心小手
鸡手	鸡排双拼饭黄金猪手
鸡手	鸡胗拿手
鸡手	鸡蛋糕砂锅猪手
鸡汤	乌鸡汤料
鸡汤	素鸡汤米线
鸡汤	素鸡汤粉
鸡汤	素鸡汤菜
鸡汤	素鸡汤面
鸡汤	素鸡汤饭
鸡油	奶油鸡肉奶油鸡肉
鸡油	红油鸡块红油鸡块
鸡油	葱油鸡腿葱油鸡腿
鸡油	豉油鸡腿豉油鸡腿
鸡油	鸡爪蚝油
鸡油	鸡粉麻油
鸡油	鸡胸肉无油
鸡油	鸡腿堡套餐奶油
鸡油	鸡蛋仔奶油
鸡油	鸡蛋拌饭秘制酱油
鸡油	鸡蛋炒饭酱油
鸡油	麻油鸡汤麻油鸡汤
鸡皮	奥尔良烤鸡皮萨
鸡皮	宝鸡皮鞋油
鸡皮	烤鸡皮套
鸡皮	素鸡皮肚面
鸡皮	草鸡皮蛋
鸡皮	蛋鸡皮蛋
鸡皮	金鸡皮鞋油
鸡皮	香菇土鸡皮蛋粥
鸡精	大鸡精选
鸡精	照烧鸡精致
鸡糕	鸡翅发糕
鸡肉	鸡蛋五香牛肉
鸡肉	鸡蛋盖饭番茄牛肉
鸡肚	牛肚鸡柳千张牛肚鸡柳千张
鸡肚	猪肚鸡汤猪肚鸡汤
鸡肚	猪肚鸡汤饭猪肚鸡汤饭
鸡肚	胡椒猪肚鸡汤胡椒猪肚鸡汤
鸡肚	鸡柳千张卷饼麻辣爆肚
鸡肚	鸡肉牛肚
鸡肚	鸡肉猪肚
鸡肚	鸡蛋卤肉牛肚
鸡肚	鸡蛋牛肚
鸡肚	鸡蛋自制小肚
鸡肚	鸡蛋千张牛肚
鸡肚	鸡蛋火腿卤肉牛肚
鸡肠	烤鸡肠粉
鸡肠	鸡爪鸭肠
鸡肾	鲜鸡肾宝
鸡腰	烤鸡腰子
鸡腰	烧鸡腰子
鸡腰	焖鸡腰子
鸡蛋	土鸡蛋卷
鸡蛋	土鸡蛋白
鸡蛋	土鸡蛋糕
鸡蛋	宝鸡蛋面
鸡蛋	小鸡蛋糕
鸡蛋	山鸡蛋袋
鸡蛋	快乐小鸡蛋糕
鸡蛋	无水鸡蛋糕
鸡蛋	水鸡蛋糕
鸡蛋	火鸡蛋糕
鸡蛋	烤鸡蛋卷
鸡蛋	烤鸡蛋糕
鸡蛋	烧鸡蛋饺
鸡蛋	素鸡蛋面
鸡蛋	草鸡蛋糕
鸡酒	啤酒鸡翅啤酒鸡翅
鸡酒	火鸡酒蛋
鸡酒	甜酒鸡蛋甜酒鸡蛋
鸡酒	甜酒鸡蛋汤圆甜酒鸡蛋汤圆
鸡酒	红酒鸡排红酒鸡排
鸡酒	红酒鸡肉饭红酒鸡肉饭
鸡酒	鸡汤姜酒
鸡酒	鸡汤烧酒
鸡酒	鸡爪啤酒
鸡酒	鸡翅煲法式红酒
鸡酒	鸡胗下酒
鸡酒	鸡脚煲啤酒
鸡酒	鸡蛋姜酒
鸡酒	鸡蛋米酒
鸡酒	鸡蛋汤甜酒
鸡鱼	咸鱼鸡粒炒饭咸鱼鸡粒炒饭
鸡鱼	咸鱼鸡粒茄子煲咸鱼鸡粒茄子煲
鸡鱼	鲍鱼鸡丝粥鲍鱼鸡丝粥
鸡鱼	鸡丁鱿鱼
鸡鱼	鸡扒拌饭秘制鱿鱼
鸡鱼	鸡排饭套餐铁板鳕鱼
鸡鱼	鸡柳双鱼
鸡鱼	鸡汁白鱼
鸡鱼	鸡蛋鲅鱼
鸡麻	鸡汁椒麻
鸭下	烤鸭下巴
鸭件	鸭血粉丝汤三件
鸭扒	大鸭扒饭
鸭汁	鸭爪鲜汁
鸭汁	鸭舌蜜汁
鸭脑	卤鸭脑壳
鸭虾	老鸭虾丸
鸭虾	鸭腿油焖大虾
鸭辣	麻辣鸭爪麻辣鸭爪
鸭辣	麻辣鸭脖麻辣鸭脖
鸭叉	烧鸭叉烧
鸭叉	烧鸭叉烧饭
鸭板	铁板鸭肠铁板鸭肠
鸭粉	番鸭粉干
鸭粉	番鸭粉红
鸭杂	咸鸭杂鱼火锅
鸭杂	烤鸭杂酱
鸭杂	熏鸭杂粮饭
鸭杂	番鸭杂菇
鸭杂	老鸭杂酱面
鸭架	卤鸭架子
鸭架	烤鸭架子
鸭架	酱鸭架子
鸭皮	烧鸭皮蛋粥
鸭蛋	小黄鸭蛋糕
鸭蛋	油鸭蛋黄
鸭蛋	海鸭蛋黄
鸭蛋	海鸭蛋黄卷
鸭蛋	海鸭蛋黄紫菜包饭
鸭蛋	海鸭蛋黄肉松卷
鸭蛋	海鸭蛋黄饭团
鸭蛋	烤鸭蛋黄
鹅蛋	qq企鹅蛋糕
鹅蛋	企鹅蛋黄包
鹅蛋	企鹅蛋糕
鹅蛋	天鹅蛋糕
鹅蛋	小天鹅蛋糕
鹅蛋	白天鹅蛋糕
鹅蛋	黑天鹅蛋糕
麦辣	麦香虾芥辣
麦仁	麦子杏仁
麦面	全麦面包干
麦面	全麦面包片
麦面	德国黑麦面包
麦面	燕麦面霜
麦面	红豆丹麦面包
麦面	荞麦面条
麦面	黑麦面包
麦包	麦饼打包
麦饼	丹麦饼干
麦饼	全麦饼干
麦饼	全麦饼皮
麦饼	大麦饼干
麦饼	小麦饼干
麦饼	巧克力燕麦饼干
麦饼	核桃燕麦饼干
麦饼	燕麦饼干
麦饼	粗麦饼干
麦饼	纤麦饼干
麦饼	苦荞麦饼干
麦饼	荞麦饼干
麦饼	荞麦饼盒
麦饼	蓝莓丹麦饼干
麦饼	藜麦饼干
麦饼	黑麦饼干
麻哥	麻辣小帅哥
麻哥	麻辣贤哥
麻哥	麻辣片片鱼胖哥
麻汤	麻辣刀削面骨汤
麻汤	麻辣锅清汤
麻汤	黑芝麻汤圆
麻腐	椒麻腐竹
麻腐	芝麻腐乳汁
麻什	椒麻什锦菜
麻什	芝麻什锦糖
麻小	椒麻小云
麻小	椒麻小馆
麻小	椒麻小鱼
麻小	芝麻小球
麻小	芝麻小黑
麻汁	麻辣串鸡汁
麻汁	麻辣小龙虾酱汁
麻圆	芝麻圆球
麻糍	椒麻糍粑鱼
麻糍	芝麻糍粑
麻糍	黑芝麻糍粑
麻糕	麻将创意蛋糕
麻叶	芝麻叶面
麻油	芝麻油包
麻油	芝麻油枣
麻油	芝麻油碟
麻油	芝麻油饼
麻油	花生芝麻油桶
麻油	黑芝麻油茶
麻花	亚麻花束
麻花	亚麻花纹
麻花	亚麻花香
麻花	大麻花儿
麻花	大麻花根
麻花	天麻花生
麻花	巧克力芝麻花生
麻花	椒麻花生
麻花	椒麻花生米
麻花	椒麻花甲
麻花	椒麻花甲米线
麻花	椒麻花蛤
麻花	白糖芝麻花生包
麻花	白糖芝麻花生碎
麻花	白芝麻花生
麻花	白芝麻花生糖
麻花	白芝麻花生软糖
麻花	白芝麻花生酥
麻花	红糖芝麻花生包
麻花	芝麻花卷
麻花	芝麻花生仁
麻花	芝麻花生球
麻花	芝麻花生粥
麻花	芝麻花生糕
麻花	芝麻花生豆
麻花	芝麻花生酥
麻花	芝麻花生饼
麻花	芝麻花甲粉
麻花	芝麻花莲
麻花	芝麻花鲢
麻花	芝麻花生
麻花	芝麻花生包
麻花	芝麻花生米
麻花	芝麻花生糖
麻花	芝麻花生鸡蛋仔
麻花	酥麻花生
麻花	香酥黑芝麻花生
麻花	黑芝麻花生浆
麻花	黑芝麻花生片
麻花	黑芝麻花生牛奶
麻花	黑芝麻花生米
麻花	黑芝麻花生粥
麻花	黑芝麻花生糖
麻花	黑芝麻花生酥
麻花	黑芝麻花生酱
麻花	黑芝麻花生饼
麻花	黑芝麻花胶
麻花	黑芝麻花色
麻花	黑芝麻花生
麻薯	椒麻薯条
麻薯	芝麻薯片
麻薯	芝麻薯条
麻薯	麻糬紫薯
麻豆	芝麻豆浆
麻豆	黑芝麻豆乳
麻豆	黑芝麻豆浆
麻酱	胡麻酱香
黄体	黄瓜汁纤体
黄堡	黄油曲奇饼干城堡
黄尾	黄豆松尾
黄汤	黄豆清汤
黄肉	蒜黄肉丝
黄辣	香辣黄鱼香辣黄鱼
黄辣	黄花鱼香辣
黄骨	黄金鸭锁骨
黄骨	黄金地瓜条桥头排骨
黄油	咸蛋黄油条
黄油	肉松蛋黄油条
黄油	蛋黄油条
黄瓜	蟹黄瓜仁
黄瓜	蟹黄瓜子
黄瓜	蟹黄瓜子仁
黄米	大黄米饭
黄米	蛋黄米堡
黄糕	黄豆年糕
黄茶	抹茶黄桃抹茶黄桃
黄茶	抹茶黄桃慕斯抹茶黄桃慕斯
黄茶	抹茶黄桃蛋糕抹茶黄桃蛋糕
黄茶	黄色青柠红茶
黄茶	黄金波霸奶茶
黄茶	黄金金牌鲜奶茶
黄菜	黄瓜生菜
黄菜	黄瓜韭菜
黄菜	黄瓜条蘸酱菜
黄菜	黄豆青菜
黄豆	咸蛋黄豆腐羹
黄豆	咸蛋黄豆腐饭
黄豆	咸蛋黄豆腐
黄豆	大黄豆芽
黄豆	奶黄豆腐
黄豆	海鲜蟹黄豆腐
黄豆	石锅蟹黄豆腐
黄豆	纸锅蟹黄豆腐
黄豆	虾仁咸蛋黄豆腐
黄豆	虾仁蟹黄豆腐
黄豆	蛋黄豆腐煲
黄豆	蛋黄豆沙
黄豆	蛋黄豆沙酥
黄豆	蛋黄豆腐
黄豆	蛋黄豆花
黄豆	蛋黄豆角
黄豆	蟹黄豆乳
黄豆	蟹黄豆腐锅
黄豆	蟹黄豆瓣
黄豆	蟹黄豆腐
黄豆	蟹黄豆腐羹
黄豆	蟹黄豆花
黄豆	金黄豆皮
黄豆	金黄豆腐泡
黄豆	金黄豆角
黄豆	铁板蟹黄豆腐
黄豆	韭黄豆腐卷
黄豆	鲜虾蟹黄豆腐
黄酱	蛋黄酱味
黄面	咸蛋黄面包蟹
黄面	咸蛋黄面包袋
黄面	咸蛋黄面包
黄面	奶黄面包
黄面	粉黄面条
黄面	蛋黄面包片
黄面	蛋黄面包
黄面	蟹黄面筋串
黄面	酥皮蛋黄面包
黄鱼	中黄鱼面
黄鱼	咸蛋黄鱼卵
黄鱼	大黄鱼串
黄鱼	大黄鱼条
黄鱼	大黄鱼面
黄鱼	蛋黄鱼卵
黄鱼	蛋黄鱼板
黄鱼	蟹黄鱼仔丸
黄鱼	蟹黄鱼卵
黄鱼	蟹黄鱼子福袋
黄鱼	蟹黄鱼籽
黄鱼	蟹黄鱼籽包
黄鱼	蟹黄鱼肚
黄鱼	蟹黄鱼蛋
黄鱼	蟹黄鱼面
黄鱼	蟹黄鱼饼
黄鱼	蟹黄鱼丸
黄鱼	蟹黄鱼籽蛋
黄鱼	蟹黄鱼翅羹
黄鱼	金黄鱼头
黄鱼	金黄鱼蛋
黑丝	黑椒鸡排鱼香肉丝
黑枣	黑米粥桂圆红枣
黑猪	纯黑猪肉肠
鼎鸡	国鼎鸡蛋牛奶
鼎鸡	泰鼎鸡汤面疙瘩
鼎鸡	泰鼎鸡粥
鼎鸡	福鼎鸡翅
鼠标	红袋鼠标准
龙茶	蜜桃乌龙茶派
龙面	卫龙面筋
龙面	尼龙面料
龙肉	九龙肉包
龙肉	古龙肉酱
龙肉	盘龙肉饼
龙凤	乌龙凤梨
龙凤	乌龙凤梨冰
龙凤	火龙凤梨
龙利	伟龙利来
龙眼	六龙眼红
龙眼	暴龙眼镜
龙蛋	恐龙蛋糕
龙蛋	龙须鸡蛋
龙豆	红豆龙珠红豆龙珠
龙豆	龙骨汤黄豆
龙骨	王龙骨汤
龙骨	超龙骨头
龙鱼	金龙鱼油
龙鱼	龙骨汤目鱼
